1,00 Flour,Flour
2,506 Bush,tomato
3,6 Weeks Bean,Legume
4,Abalone,Seafood
5,Abalone Mushroom,Fungi
6,Abbey (beer),Beer
7,Abe Hall,tomato
8,Abiu,Fruit
9,Abraham Lincoln,tomato
10,Absinth Wormwood,Herb
11,Ac Michael Wheat,Wheat
12,Acerola,unknown
13,Achiote,unknown
14,Ackee,unknown
15,Acorn Flour,Flour
16,Acorn Squash,Squash
17,Adelin Morin,tomato
18,Adjika,unknown
19,Adobo Sauce,Sauce
20,Adriatic Fig,Fruit
21,Advieh,unknown
22,Adzuki Bean,Legume
23,Afghan Spice Rub,Spice blend
24,Afghanistan,tomato
25,African Cherry Orange,Citrus
26,African Grains Of Selim,Spice
27,African Pepper-tree,unknown
28,Agar-agar,Plant
29,Agave Azul,unknown
30,Agave Nectar,Syrup
31,Agazzia Pinto Bean,Legume
32,Agnolotti,Pasta
33,Aguas Frescas,Beverage
34,Ahi Tuna,Fish
35,Ailsa Craig,tomato
36,Aioli,Sauce
37,Airyleaf,tomato
38,Ajowan,unknown
39,Ajwain,Spice
40,Akers West Virginia,tomato
41,Akvavit,Spirit
42,Albacore Tuna,Fish
43,Albany Georgia Heirloom,tomato
44,Alcohol,Alcohol
45,Ale (beer),Beer
46,Alfalfa,unknown
47,Alfalfa Sprouts,unknown
48,Alfredo Sauce,Sauce
49,Alkanet,unknown
50,All-purpose Flour,Flour
51,Alligator,Meat
52,Alligator Pepper,Spice
53,Allspice,Spice
54,Almond,Nut
55,Almond Extract,Flavouring
56,Almond Flavored Syrup,Syrup
57,Almond Liquer,Spirit
58,Almond Meal,unknown
59,Almond Milk,unknown
60,Almond Oil,Oil
61,Alpha Pink,tomato
62,Alt (beer),Beer
63,Altajskij Rannij,tomato
64,Alum,Alum
65,Amana Orange Tomato,tomato
66,Amaranth,grain
67,Amaranth Microgreens,Microgreens
68,Amazon Chocolate,tomato
69,Amazon Grape,Fruit
70,American Cheese,Cheese
71,American Lobster,Seafood
72,American Mayapple,unknown
73,Amish Canning,tomato
74,Amish Cherry,tomato
75,Amish Paste,tomato
76,Amish Potato Leaf,tomato
77,Amish Salad,tomato
78,"Amish, Todd County Tomato",Tomato
79,Ammi,unknown
80,Amplissimo Vistoria Pea,Legume
81,Amplissimo White Pea,Legume
82,Anago,unknown
83,Anaheim Chile,Capsicum
84,Ananas,unknown
85,Ananas Noir Tomato,tomato
86,Anasazi Bean,Legume
87,Anchovy,Fish
88,Andouille sausage,Cured Meat
89,Anellini,unknown
90,Angelica,unknown
91,Angelina's Italian,tomato
92,Anglerfish,Fish
93,Angora,tomato
94,Animal,Animal
95,Anise,Vegetable
96,Anise Chervil,Herb
97,Anise Cicely,Herb
98,Anise Extract,Flavouring
99,Anise Hyssop,unknown
100,Anise liquor,spirit
101,Anise Pepper,Spice
102,Anise Seed,Spice
103,Aniseed,Spice
104,Aniseed Myrtle,Spice
105,Anjou,pear
106,Anna Hermann,tomato
107,Annatto,Spice
108,Annona,unknown
109,Antohi Romanian Pepper,capsicum
110,Aonori Seaweed,Seaweed
111,AÔøΩai,Fruit
112,Apelsin,tomato
113,Aperol,unknown
114,Aphia,unknown
115,Apple,Apple
116,Apple Butter,sauce
117,Apple Chips,Dried fruit
118,Apple Cider,beverage
119,Apple Cider Vinegar,vinegar
120,Apple Juice,Juice
121,Apple Mint,Herb
122,Apple Pie Spice,spice blend
123,Apple Schnapps,spirit
124,Apple Vodka,spirit
125,Applesauce,Sauce
126,Apricot,Stone Fruit
127,Apricot Brandy,spirit
128,Aprium,unknown
129,Aprovecho Select Fava Bean,Legume
130,Ara (fish),Fish
131,Arabian Blue Barley,grain
132,Arame Seaweed,Seaweed
133,Arborio Rice,Rice
134,Arctic Char,fish
135,Arctic Surf Clams,seafood
136,Argentina,tomato
137,Argentine Shortfin Squid,seafood
138,Arkansas Traveler Tomato,tomato
139,Armagnac,spirit
140,Armenian Cucumber,vegetable
141,Aromatic Rice,Rice
142,Arracacha,unknown
143,Arrowhead,unknown
144,Arrowroot,Flour
145,Arrowroot,Herb
146,Arrowtooth Flounder,fish
147,Arthur Fowler,tomato
148,Artic Char ,fish
149,Artichoke,vegetable
150,Artichoke Heart,vegetable
151,Arugula,vegetable
152,Arugula Microgreens,Microgreens
153,Asafoetida,spice
154,Ashanti Pepper,capsicum
155,Asiago,cheese
156,Asian Greens,leafy Green
157,Asian Pear,pear
158,Asparagus,vegetable
159,Aspartame,chemical
160,Asyura Oyster,Seafood
161,Ataulfo,unknown
162,Atlantic Cod,fish
163,Atlantic Flounder,fish
164,Atlantic Halibut,fish
165,Atlantic Herring,fish
166,Atlantic Skate,fish
167,Atlantic Surf Clams,seafood
168,Atlantic Tuna,fish
169,Atriplex,unknown
170,Atta Flour,flour
171,Aubergine,vegetable
172,Augue Tree,unknown
173,Aunt Gertie's Gold,tomato
174,Aunt Ginny's Purple Tomato,tomato
175,Aunt Ruby's German Green,tomato
176,Aunt Ruby's German Green Cherry,tomato
177,Aunt Swarlos Polish Plum,tomato
178,Aunt Zora Bean,Legume
179,Aurantiacum,tomato
180,Auriga,tomato
181,Aussie Tomato,tomato
182,Austin's Red Pear,tomato
183,Australian Desert Raisin,fruit
184,Australian Wild Lime,Citrus
185,Avena,unknown
186,Avocado,vegetable
187,Avocado Oil,Oil
188,Ayu,unknown
189,Azores Bean,Legume
190,Azoychka,tomato
191,Aztec 10,tomato
192,Azuki Bean,Legume
193,B-158,tomato
194,Babaco,unknown
195,Baby Bunching Leeks,Vegetable
196,Back Bacon,cured meat
197,Bacon,Cured Meat
198,Bacon,cured meat
199,Badian Anise,spice
200,Bael,unknown
201,Bagel,bread
202,Bagoong Monamon,unknown
203,Bagoong Terong,unknown
204,Baguette,bread
205,Baharat,spice blend
206,Baking,Baking
207,Baking Powder,chemical
208,Baldina,unknown
209,Bali,tomato
210,Balinese Pepper,spice
211,Ball Tip Beef Roast,Meat
212,Ball Tip Beef Steak,Meat
213,Balm,herb
214,Balm Gentle,herb
215,Balm-mint,herb
216,Balsamic Vinegar,Vinegar
217,Bamboo Shoot,vegetable
218,Banana,fruit
219,Banana Leaf,fruit
220,Banana Legs,tomato
221,Banana Liqueur,spirit
222,Banani,tomato
223,Bangers (English Pork Sausage),Cured Meat
224,Baobab,unknown
225,Baranski Plum,tomato
226,Barbarea Verna,unknown
227,Barbeque Sauce,sauce
228,Barley,grain
229,Barley Malt Extract,flavouring
230,Barley Malt Syrup,syrup
231,Barlotti Bean,Legume
232,Barnes Mountain Yellow,tomato
233,Barramundi,fish
234,Basa,unknown
235,Basella Alba,unknown
236,Basil,Herb
237,Basil Microgreens,Microgreens
238,Basmati Rice,Rice
239,Bass,fish
240,Bastard Cinnamon,spice
241,Bastard Saffron,spice
242,Bay Laurel,herb
243,"Bay Leaf, Indian",herb
244,"Bay Leaf, Indonesian",herb
245,"Bay Leaf, West-indian",herb
246,Beach Plum,fruit
247,Bean,Legume
248,Bean Sprouts,unknown
249,Bear,meat
250,Bear Claw,tomato
251,Bearberry,berry
252,Bearo,tomato
253,BearÔøΩs Garlic,vegetable
254,Beauty Lottringa,tomato
255,Beaverlodge,tomato
256,Becherovka,unknown
257,Bedouin Tomato,tomato
258,Bee Balm,Herb
259,Bee Balm,unknown
260,Beebread,bread
261,Beef,Meat
262,Beef Back Ribs,Meat
263,Beef Brisket,Meat
264,Beef Cheek,Meat
265,Beef Chuck,Meat
266,Beef Chuck Roast,Meat
267,Beef Chuck Steak,Meat
268,Beef Cross Rib (English Roast),Meat
269,Beef Filet of Sirloin,Meat
270,Beef Flank,Meat
271,Beef Flat Iron Steak,Meat
272,Beef Foreshank,Meat
273,Beef Hanger Steak,Meat
274,Beef Kabob,Meat
275,Beef Marrow,Meat
276,Beef Mince (Ground Beef),Meat
277,Beef Rib,Meat
278,Beef Rib Roast,Meat
279,Beef Rib Steak,Meat
280,Beef Ribeye Roast (Prime Rib),Meat
281,Beef Ribeye Steak,Meat
282,Beef Round,Meat
283,Beef Round Tip Roast,Meat
284,Beef Round Tip Steak,Meat
285,Beef Rump Roast,Meat
286,Beef Short Loin,Meat
287,Beef Short Ribs,Meat
288,Beef Shoulder Center (Ranch Steak),Meat
289,Beef Shoulder Medallions,Meat
290,Beef Shoulder Roast,Meat
291,Beef Shoulder Steak,Meat
292,Beef Skirt Steak,Meat
293,Beef Stew,Meat
294,Beef Stir-Fry,Meat
295,Beef Strip Steak,Meat
296,Beef Tenderloin Roast,Meat
297,Beef Tenderloin Steak,Meat
298,Beef Top Loin Steak,Meat
299,Beef Top Round London Broil,Meat
300,Beef Top Round Steak,Meat
301,Beef Top Sirloin Steak,Meat
302,Beef Tri-Tip Roast,Meat
303,Beef Tri-Tip Steak,Meat
304,Beefsteak Buckbees,tomato
305,Beefsteak Plant,tomato
306,Beefsteak Tomato,tomato
307,"Beefsteak, African",tomato
308,"Beefsteak, Indian",tomato
309,"Beefsteak, Orange Tomato ",tomato
310,"Beefsteak, Pastel Orange Tomato ",tomato
311,"Beefsteak, Scarlet Tomato ",tomato
312,"Beefsteak, Una Hartsock's Tomato ",tomato
313,Beer,beer
314,Beet,vegetable
315,Beet Greens,vegetable
316,Beet Microgreens,Microgreens
317,Belgian Beauty,tomato
318,Belgium,tomato
319,Believe It Or Not,tomato
320,Bell Pepper,Capsicum
321,Bengal Pepper,spice
322,Berbere,spice blend
323,Berberis,berry
324,Bergamot,herb
325,Berkeley Tie-Dye Pink Tomato,tomato
326,Berna Bean,Legume
327,Berner Rosen,tomato
328,Berry,fruit
329,Berwick German,tomato
330,Besser,tomato
331,Betel Nut,unknown
332,Better Boy Tomato,tomato
333,Betty Kreton's Sweet 100,tomato
334,Beurre Bean,Legume
335,Beurre De Roquencourt Bean,Legume
336,Beverage,Beverage
337,Bianca,tomato
338,Bib Lettuce,leafy Green
339,Bicolor Cherry Tomato,tomato
340,Big Beef Tomato,tomato
341,Big Brother,tomato
342,Big Mama Bean,Legume
343,Big Rainbow,tomato
344,Big Rosy,tomato
345,Big Streaked,tomato
346,Big White,tomato
347,Big Yellow,tomato
348,Big Zebra,tomato
349,Bigeye Tuna,fish
350,Bilberry,unknown
351,Bilimbi,unknown
352,Bill Jump's Pea,Legume
353,Biltong,Cured Meat
354,Birch Syrup,syrup
355,Bird's Nest,unknown
356,Bis Bean,Legume
357,Biscuit,bread
358,Bishop's Castle Swiss Red,tomato
359,BishopÔøΩs Weed,herb
360,Bison,meat
361,Bitter Almond,unknown
362,Bitter Melon,vegetable
363,Bitter Orange,Citrus
364,Bitterleaf,unknown
365,Bitters,Spirit
366,Blache Du Quebec,tomato
367,Black and Brown Boar Tomato,tomato
368,Black Apple,apple
369,Black Bean,Legume
370,Black Bean Paste,sauce
371,Black Bear Tomato,tomato
372,Black Bell Tomato,tomato
373,Black Benny,unknown
374,Black Brandywine Tomato,tomato
375,Black Cardamom,spice
376,Black Cherry,fruit
377,Black Cherry,tomato
378,Black Coco Bean,Legume
379,Black Crimean,tomato
380,Black Cumin,spice
381,Black Elephant Tomato,tomato
382,Black Ethiopian Tomato,tomato
383,Black From Tula,tomato
384,Black Jet Soy Bean,Legume
385,Black Krim,tomato
386,Black Mission Fig,fruit
387,Black Monkey Bean,Legume
388,Black Mountain Pink,tomato
389,Black Mustard,Leafy Green
390,Black Mustard Seed,spice
391,Black Olive,olive
392,Black Pear,tomato
393,Black Pepper,spice
394,Black Peppercorn,spice
395,Black Pig,unknown
396,Black Pineapple,tomato
397,Black Plum,tomato
398,Black Prince,tomato
399,Black pudding (Blood Sausage),Cured Meat
400,Black Quinoa,grain
401,Black Radish,vegetable
402,Black Raspberry,berry
403,Black Rockfish ,fish
404,Black Russian,tomato
405,Black Salsify,Leafy Green
406,Black Salt,salt
407,Black Sapote,unknown
408,Black Sea Bass,fish
409,Black Sea Man,tomato
410,Black Sea Man Tomato,tomato
411,Black Striped Cherry Tomato,tomato
412,Black Sugar,unknown
413,Black Sweet Cherry,tomato
414,Black Tea,tea
415,Black Tiger Shrimp,seafood
416,Black Tomato,tomato
417,Black Trumpet Mushroom,fungi
418,Black Turtle Bean,Legume
419,Black Valentine Bean,Legume
420,Black Zebra Tomato,tomato
421,Black-eyed Pea,Legume
422,Blackberry,Berry
423,Blackberry Brandy,spirit
424,Blackleox Valentine Bean,Legume
425,Blackmaster,tomato
426,Blackthorn,unknown
427,Bladder Seed,unknown
428,Blanche Beaute Du Canada,tomato
429,Blanche De Biau Germe,tomato
430,Blancho De Yan,tomato
431,Blanco Grande,tomato
432,Blondkopfcken,tomato
433,Blood,meat
434,Blood Orange,fruit
435,Bloody Butcher,tomato
436,Blue Cheese,Cheese
437,Blue Cheese Dressing,sauce
438,Blue Coco Bean,Legume
439,Blue Crab,seafood
440,Blue Curacao,spirit
441,Blue Fenugreek,spice
442,Blue Fruit Tomato,tomato
443,Blue Jay Bean,Legume
444,Blue Lake Bean,Legume
445,Blue Lake Pole Bean,Legume
446,Blue Marlin,fish
447,Blue Melilot,unknown
448,Blue Tinge Wheat Wheat,wheat
449,Blue Vein Cheese,cheese
450,Blue-white Clover,unknown
451,Blue-white Trigonella,unknown
452,Blueberry,Berry
453,Bluefin Tuna,fish
454,Bluefish,fish
455,Bluenose,unknown
456,Blushing,tomato
457,Boccicia Bean,Legume
458,Bockwurst,Cured Meat
459,Boerewors,Cured Meat
460,Bog Myrtle,herb
461,Bogeywine,tomato
462,Bok Choy,vegetable
463,Boldina,unknown
464,Boldo Leaves,unknown
465,Bologna,cured meat
466,Bolognese Sauce,prepared
467,Bonito,fish
468,Boondocks,tomato
469,Borage,herb
470,Bordo,tomato
471,Bosc Pear,pear
472,Boston Leaf,Leafy Green
473,Botan Shrimp,seafood
474,Bottom Beef Sirloin Flap Meat,Meat
475,Bottom Round Beef Roast,Meat
476,Bottom Round Beef Steak,Meat
477,Bottom Round London Broil,Meat
478,Bouquet Garni,herb blend
479,Bourbon Whiskey,spirit
480,Boy Boy Tom,tomato
481,Boysenberry,berry
482,Bran,grain
483,Brandy,spirit
484,Brandy,tomato
485,Brandysweet Plum Tomato,tomato
486,Brandywine,tomato
487,"Brandywine, Black Tomato ",tomato
488,"Brandywine, Cherry Tomato ",tomato
489,"Brandywine, Glicks Tomato ",tomato
490,"Brandywine, Pawers Tomato ",tomato
491,"Brandywine, Pink - Joyce's Strain Tomato ",tomato
492,"Brandywine, Purple Tomato ",tomato
493,"Brandywine, Red - Heart-shaped Tomato ",tomato
494,"Brandywine, Sport Tomato ",tomato
495,"Brandywine, Yellow - Platfoot Tomato ",tomato
496,Bratwurst,Cured Meat
497,Bratwurst,cured meat
498,Braunschweiger,Cured Meat
499,Braunschweiger,cured meat
500,Brazil Cress,vegetable
501,Brazil Nut,Nut
502,Brazil Pepper,spice
503,Bread,bread
504,Bread Flour,flour
505,Breadcrumbs,processed
506,Breadfruit,fruit
507,Breadstick,bread
508,Breakfast sausage,Cured Meat
509,Brewer's Yeast,fungi
510,Brie,cheese
511,Brilliant Pink,tomato
512,Brine,unknown
513,Brioche,bread
514,Broad Noodles,noodle
515,Broadleaf Arrowhead,unknown
516,Broccoflower,vegetable
517,Broccoli,vegetable
518,Broccoli Floret,vegetable
519,Broccoli Romanesco,vegetable
520,Broccoli Sprouts,Sprouts
521,Brocolli Raab,Vegetable
522,Broth,prepared
523,Brown Berry,tomato
524,Brown Bread,bread
525,Brown Cardamom,spice
526,Brown Mustard,Condiment
527,Brown Mustard Seed,spice
528,Brown Pear-shaped,tomato
529,Brown Rice,Rice
530,Brown Rice Flour,Flour
531,Brown Rice Syrup,syrup
532,Brown Sugar,Sugar
533,Brown Tomato,tomato
534,Brussels Sprout,brassica
535,Bucatini,pasta
536,Buckbee's New Fifty Day,tomato
537,Buckeye Yellow,tomato
538,Buckwheat,grain
539,Buckwheat Flour,Flour
540,Buckwheat Noodles,noodle
541,Buckwheat Sprouts,Sprouts
542,Buddha's Hand,Citrus
543,Budu,unknown
544,Buffalo Meat,meat
545,Buffaloberry,berry
546,Bugloss,unknown
547,Buknu,unknown
548,Bulgarian 7,tomato
549,Bulgarian Big Red Round,tomato
550,Bulgarian Compo Bu Cemeha,tomato
551,Bulgarian Douama Egpa,tomato
552,Bulgarian Feta,cheese
553,Bulgarian Pulpy,tomato
554,Bulgarian Tozabu Egpu,tomato
555,Bulgarian Tozabu Tylaut,tomato
556,Bulgarian Triumph,tomato
557,Bulgerskie,tomato
558,Bulghur Wheat,grain
559,Bull's Heart,tomato
560,Buns,bread
561,Burcham's New Generation,tomato
562,Burdock,vegetable
563,Burgess Stuffing,tomato
564,Burgundy Traveler,tomato
565,Burmese Grape,grape
566,Burnet,unknown
567,Burpee's Globe,tomato
568,Burpees Delicious,tomato
569,Burracker's Favourite,tomato
570,Burrage,unknown
571,Burro Pepper,capsicum
572,Burwood Prize,tomato
573,Bush Beans,Legume
574,Bushmeat,unknown
575,Bussora Rose,unknown
576,Butter,dairy
577,Butterhead Lettuce,leafy Green
578,Buttermilk,dairy
579,Butternut Squash ,squash
580,Butterscotch,confectionary
581,Button Mushroom,fungi
582,Cabanossi,Cured Meat
583,Cabbage,vegetable
584,Cabbage In Connecticut,unknown
585,Cacao,plant
586,CachaÔøΩa,unknown
587,Cactus,vegetable
588,Caerphilly Cheese,cheese
589,Caigua,unknown
590,Cajun Seasoning,spice blend
591,Cake,pastry
592,Cake Flour,flour
593,Calabacito Rojo,tomato
594,Calabash,unknown
595,Calendula,unknown
596,Calendula ,Herb
597,California Pepper Tree,unknown
598,Camassia,unknown
599,Camel,Meat
600,Camp Joy,tomato
601,Campanelle,Pasta
602,Camu Camu,unknown
603,Canabec Super,tomato
604,Canadian Bacon,cured meat
605,Canadian Stuffing,tomato
606,Canary Rockfish,fish
607,Candied Fruit,confectionary
608,Candle Berry,berry
609,Candlenut,Nut
610,Candy,confectionary
611,Candy Bar,confectionary
612,Candy Bean,Legume
613,Candystripe,tomato
614,Canestrino  1,tomato
615,Canistel,unknown
616,Canna,unknown
617,Canna Red,tomato
618,Canned,Canned
619,Cannelini Bean,Legume
620,Cannelloni,Pasta
621,Canning Salt,salt
622,Canola Oil,Oil
623,Cantaloupe,fruit
624,Capelin,unknown
625,Capellini,Pasta
626,Caperberry,herb
627,Capers,herb
628,Capon,Meat
629,Caprocollo,Cured Meat
630,Capucijner Pea,Legume
631,Cara Cara Orange,Citrus
632,Carambola,unknown
633,Caramel,confectionary
634,Caraway,spice
635,Carbon Tomato,tomato
636,Carbonated Beverage,beverage
637,Carbonated Orange Drink,beverage
638,Carbonated Water,beverage
639,Cardamom,Spice
640,"Cardamom, Nepali",spice
641,Cardoon,vegetable
642,Caribbean Spiny Lobster,seafood
643,Caribou,meat
644,Carnaroli Rice,Rice
645,Caro Red,tomato
646,Caro Siberia,tomato
647,Carob,unknown
648,Carob Tree,unknown
649,Carola Seaweed,seaweed
650,Carom,unknown
651,Carouby Pea,Legume
652,Carp,fish
653,Carpano,unknown
654,Carrot,vegetable
655,Carrot Microgreens,Microgreens
656,Carroway,spice
657,Carvies,unknown
658,Casa Blanca Bean,Legume
659,Cascara Bandidora,tomato
660,Caseknife (stick) Bean,Legume
661,Cashew,Nut
662,Cashew Juice,unknown
663,Cashew Oil,Oil
664,Casper Eggplant,Vegetable
665,Caspian Pink,tomato
666,Casque Rouge,tomato
667,Cassava,unknown
668,Cassia,spice
669,Casuarina,unknown
670,Catfish,Fish
671,Catmint,Herb
672,Catnip,Herb
673,Catsear,unknown
674,Caulerpa,unknown
675,Cauliflower,vegetable
676,Cavatelli,Pasta
677,Caviar,fish
678,Cayenne Pepper,Capsicum
679,Celebrity (hybrid) Tomato,tomato
680,Celery,vegetable
681,Celery Root (celeriac),vegetable
682,Celery Salt,spice blend
683,Celery Seed,spice
684,"Celery, Cutting",Herb
685,Cellentani,Pasta
686,Cellophane Noodles,noodle
687,Celosia,unknown
688,Celtuce,unknown
689,Cempedak,unknown
690,Cencioni,unknown
691,Centaurium,unknown
692,Century Egg,prepared
693,Cephalopod Ink,seafood
694,Cereal,Cereal
695,Cereal Germ,Cereal Germ
696,Ceylon Cinnamon,spice
697,Ceylon Spinach,vegetable
698,Chaat Masala,spice blend
699,Chaga Mushroom,fungi
700,Chai Tea,tea
701,Chalk's Early Jewel,tomato
702,Chameleon Plant,vegetable
703,Chamomile,Herb
704,Chamomile,tea
705,Champagne,wine
706,Champagne Vinegar,vinegar
707,Channa daal,Legume
708,Channel Catfish,fish
709,Chanterelle Mushroom,fungi
710,Chapatti,bread
711,Charcuterie,Charcuterie
712,Chard,vegetable
713,Chard Microgreens,Microgreens
714,Charlie's Pride And Joy,tomato
715,Charnushka,unknown
716,Chartreuse,spirit
717,Chase-the-devil,unknown
718,Chaste Tree,unknown
719,Chateau Rose,tomato
720,Chateaubriand,Meat
721,Chaunk,unknown
722,Chayote,unknown
723,Cheddar Cheese,Cheese
724,Cheese,cheese
725,Cheese Curds,cheese
726,Cheesemanii,tomato
727,Cherimoya,unknown
728,Cherokee,tomato
729,Cherokee Bean,Legume
730,Cherokee Brick Red,tomato
731,Cherokee Cornfield Bean,Legume
732,Cherokee Green,tomato
733,Cherokee Purple Tomato,tomato
734,Cherokee Red,tomato
735,Cherokee Trail Of Tears Bean,Legume
736,Cherry,Stone Fruit
737,Cherry 1846,tomato
738,Cherry Brandy,spirit
739,Cherry Fence Row,tomato
740,Cherry Gele,tomato
741,Cherry Juice,juice
742,Cherry Liqueur,spirit
743,Cherry Maur,tomato
744,Cherry Pink O's,tomato
745,Cherry Roma,tomato
746,Cherry Tomato,tomato
747,Cherry Wild,tomato
748,"Cherry, Loomis, Potato Leaf Tomato ",tomato
749,Chervil,Herb
750,Chestnut,Nut
751,Chestnut Flour,flour
752,Chia Seed,seed
753,Chianti Rose,tomato
754,Chicken,meat
755,Chicken Bones,Meat
756,Chicken Breast,Meat
757,Chicken Feet,Meat
758,Chicken Gizzard,Meat
759,Chicken Heart,Meat
760,Chicken Leg,Meat
761,Chicken Liver,Meat
762,Chicken Mince (Ground Chicken),Meat
763,Chicken Neck,Meat
764,Chicken Of The Woods Mushroom,fungi
765,Chicken Tenderloin,Meat
766,Chicken Thigh,Meat
767,Chicken Wing,Meat
768,Chickpea,Legume
769,Chickpea Flour (Besan),Flour
770,Chicory,vegetable
771,Chilaquilles,prepared
772,Chile,capsicum
773,Chilean Seabass,fish
774,Chili Flakes,spice
775,Chili Oil,Oil
776,Chili Paste,sauce
777,Chili Pepper,Capsicum
778,Chili Powder,Spice
779,Chili Sauce,sauce
780,Chili-garlic Sauce,Sauce
781,Chinese Anise,unknown
782,Chinese Artichoke,vegetable
783,Chinese Basil,herb
784,Chinese Cabbage,vegetable
785,Chinese Cassia,spice
786,Chinese Cinnamon,spice
787,Chinese Ginger,vegetable
788,Chinese Key,unknown
789,Chinese Lap Cheong,Cured Meat
790,Chinese Lettuce,vegetable
791,Chinese Lizard Tail,unknown
792,Chinese Parsley,herb
793,Chinese Pepper,spice
794,Chinese Purple Tomato,tomato
795,Chio Chio San,tomato
796,Chip,prepared
797,Chipotle,capsicum
798,Chive,herb
799,Chive Blossoms,herb
800,Chocolate,confectionary
801,Chocolate Cherry Tomato,tomato
802,Chocolate Liquor,spirit
803,Chocolate Syrup,syrup
804,Chocolate Tomato,tomato
805,Chocolate Truffle,confectionary
806,Choi,leafy Green
807,Chokeberry,berry
808,Chokecherry,unknown
809,Chom Pu,unknown
810,Chorizo,Cured Meat
811,Choux Pastry,pastry
812,Chow Mein Noodles,noodle
813,Chrysanthemum,tea
814,Chuck's Beefsteak,tomato
815,Chutney,sauce
816,Ciccioli,Cured Meat
817,Cicely,unknown
818,Cider,beverage
819,Cilantro,herb
820,"Cilantro, Puerto Rican",herb
821,Cimmaron Lettuce,Leafy Green
822,Cinchona,unknown
823,Cinnamon,Spice
824,Cinnamon Basil,herb
825,Cinnamon Myrtle,herb
826,Cinnamon Stick,spice
827,"Cinnamon, Sri Lankan",spice
828,Citric Acid,chemical
829,Citron,Citrus
830,Citron Compact,tomato
831,Citronella,Citrus
832,Citrus,Citrus
833,Citrus Basil,Herb
834,Clam,seafood
835,Clam Juice,prepared
836,Clark's Early Jewel,tomato
837,Clary,unknown
838,Clementine,Citrus
839,Clipper Bean,Legume
840,Cloudberry,berry
841,Clove,Spice
842,Clover,herb
843,Club Soda,beverage
844,Clusius Pepper,spice
845,Coarse Salt,salt
846,Coarse Sea Salt,salt
847,Cobia,unknown
848,Cobourg,tomato
849,Cocoa Butter,confectionary
850,Cocoa Butter,Oil
851,Cocoa Mix,confectionary
852,Cocoa Nib,confectionary
853,Cocoa Powder,confectionary
854,Cocoa Solids,confectionary
855,Coconut,Nut
856,Coconut Cream,processed
857,Coconut Milk,processed
858,Coconut Oil,Oil
859,Cod,Fish
860,Cod Roe,fish
861,Cod Soft Roe,fish
862,Coffee,beverage
863,Coffee Liqueur,Spirit
864,Cognac,spirit
865,Coho Salmon,fish
866,Cointreau,Spirit
867,Cola,beverage
868,Coleslaw,prepared
869,Collagen,unknown
870,Collard Greens,vegetable
871,College Challenger,tomato
872,Colston Bassett Stilton,cheese
873,Comfrey,unknown
874,Common Bean,Legume
875,Common Fig,fruit
876,Common Nasturtium,vegetable
877,Common Octopus,seafood
878,Common Purslane,vegetable
879,Common Rue,unknown
880,Common Sage,Herb
881,Common Tormentil,unknown
882,Conchiglie,Pasta
883,Condensed Milk,processed
884,Confectionary,Confectionary
885,Confectioners Sugar,sugar
886,Confit,Cured Meat
887,Conger,unknown
888,Continental Wild Thyme,herb
889,Cookie,pastry
890,Cooking Oil,Oil
891,Cooks Island 1,tomato
892,Cooper Cn 16417,tomato
893,Copha,unknown
894,Copia Tomato,tomato
895,Coppa,Cured Meat
896,Coptis,unknown
897,Corchorus,unknown
898,Coriander,Herb
899,Coriander Seed,spice
900,Corn,grain
901,Corn Flour,Flour
902,Corn Smut,unknown
903,Corn Syrup,Syrup
904,Corn Tortilla,bread
905,Cornbread,bread
906,Corned Beef,Beef
907,Cornell 3,tomato
908,Cornish Game Hen,Meat
909,Cornmeal,flour
910,Cortland Apple,apple
911,Corvette Bean,Legume
912,Cossack,tomato
913,Costoluto Genovese,tomato
914,Cotechino,Cured Meat
915,Cottage Cheese,cheese
916,County Agent,tomato
917,Cous Cous,pasta
918,Cow Milk,dairy
919,Cow Parsley,herb
920,Crab,seafood
921,Crab Apples,apple
922,Crab Boil,spice blend
923,Cracked Wheat,grain
924,Cracker,prepared
925,Cranberry,Fruit
926,Cranberry Bean,Legume
927,Cranberry Juice,Juice
928,Crawfish,seafood
929,Crawfish Tails,seafood
930,Crayfish,seafood
931,Cream,dairy
932,Cream Cheese,Cheese
933,Cream Of Tartar,chemical
934,Cream Sausage,tomato
935,Cream Soda,beverage
936,Creeping Thyme,herb
937,Crema,tomato
938,Creme De Cacao,spirit
939,Creme De Marrons,spirit
940,Creme De Noyaux,spirit
941,Creme Fraiche,dairy
942,Cremini Mushroom,fungi
943,Creole Mustard,Condiment
944,Creole Seasoning,spice blend
945,Crepe,prepared
946,Cress,leafy Green
947,Cress,vegetable
948,Cress Microgreens,Microgreens
949,"Cress, Para-",vegetable
950,Crimini Mushroom,fungi
951,Crimson Jack,tomato
952,Crimson Pasta,tomato
953,Crnkovic Yugoslavian,tomato
954,Croatian Blue Bean,Legume
955,Crocodile,Meat
956,Croissant,pastry
957,Crookneck Squash,squash
958,CrÔøΩme De Cassis,spirit
959,CrÔøΩme De Menthe,spirit
960,Crow River Black Bean,Legume
961,Crowberry,berry
962,Croxetti,Pasta
963,Crushed Red Pepper,Spice
964,Csemegeszabadfoldi,tomato
965,Csikos Botermo,tomato
966,Cuban Yellow Grape,tomato
967,Cubeb Pepper,Spice
968,Cucumber,vegetable
969,Cucumber pickle,pickle
970,Culatello,Cured Meat
971,Cumin,Herb
972,Cumin,Spice
973,CuraÔøΩao Liqueur,spirit
974,Curd,sauce
975,Curd Herb,herb
976,Cured Meat,cured meat
977,Cured Salmon,prepared
978,Currant,fruit
979,Currant Tomato,tomato
980,Curry,prepared
981,Curry Leaves,herb
982,Curry Powder,Spice
983,Custard-apple,fruit
984,Cuttlefish,fish
985,Cypriot Lemon Squash,squash
986,Cyprus Brandy,spirit
987,Czech Plum,tomato
988,Czech Select,tomato
989,Dabberlocks (winged Kelp) Seaweed,seaweed
990,Dad's Mug,tomato
991,Daikon,vegetable
992,Dairy,Dairy
993,Damiana,unknown
994,Damper,bread
995,Damson,unknown
996,Dandelion,Herb
997,Dandelion,tea
998,Dandelion Greens,vegetable
999,Dandelion Nettles,herb
1000,Dandy Broccoli,brassica
1001,Daniels,tomato
1002,Danish Blue Cheese,cheese
1003,Danish Flag Poppy,unknown
1004,Dark Chocolate,confectionary
1005,Dark Rum,spirit
1006,Dark Soy Sauce,sauce
1007,Darlaine Pea,Legume
1008,Dashi Stock,prepared
1009,Date ,fruit
1010,Davidsonia,unknown
1011,Dawson's Golden Chaff Wheat,wheat
1012,Dawson's Russian Oxheart,tomato
1013,Day Octopus,seafood
1014,De Barao,tomato
1015,Deacon Dan Beet,root vegetable
1016,Debarro Black,tomato
1017,Dehydrated Milk,prepared
1018,Delicata Squash,squash
1019,Delicious,tomato
1020,Demerara,Sugar
1021,Demulcent,unknown
1022,Desert Lime,fruit
1023,Dessert Wine,wine
1024,Deuil Fin Precoce Bean,Legume
1025,Deutscher Fleiss,tomato
1026,Devil-in-the-bush,unknown
1027,DevilÔøΩs Dung,unknown
1028,Dewberry,berry
1029,Digestif,spirit
1030,Dijon Mustard,Condiment
1031,Dill,herb
1032,Dill Pickle,pickle
1033,Dill Seed,spice
1034,Dingwall Scotty,tomato
1035,Dinner Plate Tomato,tomato
1036,Dinner Rolls,bread
1037,Dino Eggs Tomato,tomato
1038,Dix Doigts De Naples,tomato
1039,Dog,meat
1040,Dogfish,fish
1041,Don's Red,tomato
1042,Dorothy Green,tomato
1043,Dorrigo Pepper,capsicum
1044,Dos Mesas Bean,Legume
1045,Double And Triple Cream Cheese,cheese
1046,Douce De Picardie,tomato
1047,Doucet's Canabec Rouge,tomato
1048,Doucet's Petitbec,tomato
1049,Doucet's Q-200,tomato
1050,Doucet's Quebec Early Market,tomato
1051,Doucet's Superbec,tomato
1052,Dover Sole,fish
1053,Doyle,tomato
1054,Dr. Carolyn,tomato
1055,Dr. Carolyn Pink,tomato
1056,Dr. Chilo,tomato
1057,Dr. Lyle,tomato
1058,Dr. Wyche,tomato
1059,Dragonfruit,fruit
1060,Dried meat,Cured Meat
1061,Droe wors,Cured Meat
1062,Druzba,tomato
1063,Dry Beans,Legume
1064,Dry Mustard,spice
1065,Dry Sherry,wine
1066,Dry Vermouth,spirit
1067,Dry White Wine,wine
1068,Dubonnet,unknown
1069,Duck,meat
1070,Duck Breast,Meat
1071,Duck Eggs,egg
1072,Duck Fat,Meat
1073,Duck Gizzard,Meat
1074,Duck Heart,Meat
1075,Duck Leg,Meat
1076,Duck Liver,Meat
1077,Duck Mince (Ground Duck),Meat
1078,Dufresne 649,tomato
1079,Duggin White,tomato
1080,Dulce De Leche,prepared
1081,Dule's Bean,Legume
1082,Dulse Seaweed,seaweed
1083,Dungeness Crab,seafood
1084,Durian,fruit
1085,Durum Wheat,wheat
1086,Dwarf Gray Sugar Pea,Legume
1087,Earl's Faux,tomato
1088,Earliana,tomato
1089,Earliest And Best,tomato
1090,Earlirouge,tomato
1091,Early Girl Tomato,tomato
1092,Early Jersey Wakefield Cabbage,brassica
1093,Early Russian Sunflower,unknown
1094,Early Six Weeks Bean,Legume
1095,Early Summer Sunrise,tomato
1096,Eastern Prickly Pear,fruit
1097,Echinacea,Herb
1098,Echinacea,tea
1099,Edamame (green Soybean),Legume
1100,Edelweiss,herb
1101,Eel,seafood
1102,Egg,egg
1103,Egg Noodles,noodle
1104,Egg Replacer,chemical
1105,Eggnog,beverage
1106,Eggplant (aubergine),vegetable
1107,Egyptian Lime,Citrus
1108,Einkorn Wheat,wheat
1109,Elbe,tomato
1110,Elbow Macaroni,Pasta
1111,Elderberry,berry
1112,Elecampane,unknown
1113,Elephant Garlic,vegetable
1114,Elfin Tomato,tomato
1115,Elixir DÔøΩanu,unknown
1116,Elk,Meat
1117,Emeraude,tomato
1118,Emmenagogue,unknown
1119,Emmer Wheat,wheat
1120,Empanadas,prepared
1121,Empire Apples,apple
1122,Empress Bean,Legume
1123,Emu,Meat
1124,Emu Apple,apple
1125,Enchilada Sauce,Sauce
1126,Endive,vegetable
1127,England Robin's Egg Bean,Legume
1128,English Cherry,stone fruit
1129,English Muffin,bread
1130,English Mustard,Condiment
1131,English Peas,Legume
1132,English Sole,fish
1133,Enoki Mushroom,fungi
1134,Enriched Flour,flour
1135,Ensete,unknown
1136,Epazote,herb
1137,Ephedra,unknown
1138,Escargot,meat
1139,Escarole,Leafy Green
1140,Escarole,Vegetable
1141,Escolar,unknown
1142,Espas,tomato
1143,Espelette Pepper,capsicum
1144,Espresso,Beverage
1145,Ethel Watkins Best,tomato
1146,Etna Bean,Legume
1147,Eucalyptus,herb
1148,Euphrasia,unknown
1149,European Cornel,unknown
1150,Eva Black Ball Tomato,tomato
1151,Eva Purple Ball,tomato
1152,Evaporated Milk,Processed
1153,Evening Primrose,tea
1154,Everbearing Joy Bean,Legume
1155,Ex Rico 23 Bean,Legume
1156,Excelsior Barley,grain
1157,Experimental White Bean,Legume
1158,Extreme Bush,tomato
1159,Eye of Round Beef Roast,Meat
1160,Eye of Round Beef Steak,Meat
1161,Fagara,unknown
1162,Faggidi Alti Con La Buccia Blu Bean,Legume
1163,Fagot Cassia,unknown
1164,Fajita Seasoning,spice blend
1165,Falernum,unknown
1166,False Cubeb Pepper,capsicum
1167,Fantome Du Laos,tomato
1168,Farfalle,Pasta
1169,Farina,flour
1170,Farnsworth,tomato
1171,Farro,grain
1172,Farthest North,tomato
1173,Fat Cherry Tomato,tomato
1174,Fatty Tuna,fish
1175,Fava Bean,Legume
1176,Fava Tips,vegetable
1177,Feijoa,fruit
1178,Felty Germander,unknown
1179,Fence Row Cherry,tomato
1180,Fennel,vegetable
1181,Fennel Flower,vegetable
1182,Fennel Seed,spice
1183,Fenugreek,herb
1184,Fenugreek seed,spice
1185,Fenugreek Sprouts,Sprouts
1186,Fernet Branca,unknown
1187,Ferris Wheel,tomato
1188,Feta Cheese,cheese
1189,Fettuccine,Pasta
1190,Feverfew,Herb
1191,Feverfew,unknown
1192,Ficus,plant
1193,Fiddlehead Fern,vegetable
1194,Fig ,fruit
1195,File,herb
1196,Filet Beans,Legume
1197,Filet Mignon  ,Meat
1198,Filet of Beef Rib,Meat
1199,Fine Leaf Basil,Herb
1200,Fines Herbes,herb blend
1201,Finger Grass,grass
1202,Finger Lime,Citrus
1203,Fingerling Potato,potato
1204,Fingerling Potato,potato
1205,Fingerroot,herb
1206,Fireball,tomato
1207,Firesteel,tomato
1208,Fireworks,tomato
1209,Firm Tofu,processed
1210,First Pick,tomato
1211,Fish,Fish
1212,Fish Sauce,Sauce
1213,Fishcake,prepared
1214,Fishwort,herb
1215,Fitweed,herb
1216,Five-spice Powder,spice blend
1217,Flake Salt,salt
1218,Flat Egyptian Beet,root vegetable
1219,Flax,Herb
1220,Flax,seed
1221,Flax Seed Meal,flour
1222,Fleetwood Bean,Legume
1223,Fleur De Sel,salt
1224,Florence Fennel,vegetable
1225,Florida,tomato
1226,Flounder,Fish
1227,Flour,flour
1228,Flour Tortilla,bread
1229,Flower Bud Type Greens,Vegetable
1230,Flower Sprouts,Vegetable
1231,Flowering Tea,tea
1232,Flowers,Flower
1233,Fluted Pumpkin,squash
1234,Foglie D'ulivo,Pasta
1235,Foie Gras,meat
1236,Fondant,confectionary
1237,Food Coloring,chemical
1238,Fordhook Celery,vegetable
1239,Fordhook First,tomato
1240,Forellenschluss Lettuce,Leafy Green
1241,Forme De Cover,tomato
1242,Fortified Wine,wine
1243,Fortin's Family Rutabaga,root vegetable
1244,Fragrant Screwpine,herb
1245,Fraise De Bois Liqueur,spirit
1246,Frankenstein Black,tomato
1247,Frankstein Black,tomato
1248,Fregula,Pasta
1249,French Breakfast Radish,vegetable
1250,French Parsley,herb
1251,French Sea Salt,salt
1252,French Tarragon,herb
1253,Fresh Cheese,cheese
1254,Freshly Ground Black Pepper,Spice
1255,Freshwater Eel,fish
1256,Freshwater Shrimp,seafood
1257,Frijol En Seco Bean,Legume
1258,Frisee,leafy Green
1259,Frog,meat
1260,Fruit,Fruit
1261,Fruit Juice,juice
1262,Fruit Preserve,sauce
1263,Fruit Wine,wine
1264,Fuji Apple,apple
1265,Fumaria,herb
1266,Fungi,Fungi
1267,Funtastic,tomato
1268,Fusarium Resistant Basil,Herb
1269,Fusilli,Pasta
1270,Fuzzy,tomato
1271,Fuzzy Bomb,tomato
1272,Fuzzy Rose,tomato
1273,Gailon/Chinese Kale,Vegetable
1274,Galangal,rhizome
1275,Galia,Fruit
1276,Galina Siberian Cherry,tomato
1277,Gallo Plum,tomato
1278,Garam Masala,spice blend
1279,Garbanzo Bean,legume
1280,Garden Lime,tomato
1281,Garden Orach,vegetable
1282,Garden Peach,tomato
1283,Gardener's Delight Tomato,tomato
1284,Garlic,allium
1285,Garlic Blossoms,allium
1286,Garlic Chives,herb
1287,Garlic Scape,allium
1288,Gartenperle,tomato
1289,Gary Staley's,tomato
1290,Gary's Golden Bear Tomato,tomato
1291,Gary's Late Canner,tomato
1292,Gaucho Bean,Legume
1293,Gelatin,meat
1294,Geneva Lima Bean,Legume
1295,Geoduck Clam,seafood
1296,George,tomato
1297,Georges Green,tomato
1298,Georgian Black Bean,Legume
1299,German Beauty,tomato
1300,German Deep Yellow,tomato
1301,German Gold,tomato
1302,German Johnson,tomato
1303,German Pink,tomato
1304,German Purple,tomato
1305,German Queen,tomato
1306,German Red Strawberry,tomato
1307,German Roper,tomato
1308,German Squash,squash
1309,German Tarragon,herb
1310,"German, Mr. Tartar's Tomato ",tomato
1311,Gezahnte Buhrerkeel,tomato
1312,Ghee,Dairy
1313,Gherkin,pickle
1314,Gherkin Cucumbers,Vegetable
1315,Ghost Cherry Tomato,tomato
1316,Giant Eel,seafood
1317,Giant Fiolet,tomato
1318,Giant Italian Whopper,tomato
1319,Giant Lobster,seafood
1320,Giant Paste,tomato
1321,Giant Stringless Bean,Legume
1322,Gillogly Pink,tomato
1323,Gim Seaweed,seaweed
1324,Gin,spirit
1325,Ginger,rhizome
1326,Ginger Ale,beverage
1327,Ginger Beer,beverage
1328,Ginkgo Biloba,herb
1329,Ginseng,herb
1330,Glacier Tomato,tomato
1331,Globe Artichoke,vegetable
1332,Glutinous Rice,Rice
1333,Gnaphalium,grass
1334,Gnetum Gnemon,herb
1335,Goat,meat
1336,Goat Cheese,cheese
1337,Goat Meat,Meat
1338,Goat Milk,dairy
1339,Gold Metal,tomato
1340,Gold Nugget Tomato,tomato
1341,Golden Apple,apple
1342,Golden Bantam Corn,grain
1343,Golden Beet,beet
1344,Golden Currant Tomato,tomato
1345,Golden Delicious ,apple
1346,Golden Delight,tomato
1347,Golden Grape,tomato
1348,Golden Oxheart,tomato
1349,Golden Pearl,tomato
1350,Golden Pineapple,tomato
1351,Golden Ponderosa,tomato
1352,Golden Root,herb
1353,Golden Rum,spirit
1354,Golden Samphire,vegetable
1355,Golden Sunrise Tomato,tomato
1356,Golden Syrup,Syrup
1357,Golden Valley Bean,Legume
1358,Goliath,tomato
1359,Gomme Syrup,syrup
1360,Good King Henry,vegetable
1361,Goose,Meat
1362,Gooseberry,berry
1363,Gorgonzola,Cheese
1364,Gota De Miel,tomato
1365,Gotland Speckled Red Bean,Legume
1366,Gouda,cheese
1367,Goumi,Fruit
1368,Grace's Heirloom,tomato
1369,Graham Flour,flour
1370,Graham's Good Keeper,tomato
1371,Grains,Grains
1372,Grains Of Paradise,spice
1373,Grains Of Selim,spice
1374,Gram's,tomato
1375,Gramma C.,tomato
1376,Granada,tomato
1377,Grande Blanche,tomato
1378,Grandma Climenhaga,tomato
1379,Grandma Fair's Bean,Legume
1380,Grandma Oliver's Green,tomato
1381,Granny Carvilles Yellow Roma,tomato
1382,Granny Smith,Apple
1383,Granny Smith Tomato,tomato
1384,Granola,prepared
1385,Granulated Sugar,sugar
1386,Grape,fruit
1387,Grape Juice,juice
1388,Grape Leaf,plant
1389,Grape Seed Extract,flavouring
1390,Grape Tomato,tomato
1391,Grape Tress,tomato
1392,Grapefruit,fruit
1393,Grapefruit Juice,Juice
1394,Grapeseed Oil,Oil
1395,Grappa,Wine
1396,Grappe Rouge,tomato
1397,Grasses,Grasses
1398,Grasshopper,insect
1399,Gray Snapper,fish
1400,Great Divide,tomato
1401,Great Northern Bean,Legume
1402,Greater Indian Cardamom,spice blend
1403,Greek Asemina,tomato
1404,Greek Yogurt,Dairy
1405,Green Bean,vegetable
1406,Green Bell Pepper,Capsicum
1407,Green Bell Pepper,tomato
1408,Green Cardamom,spice
1409,Green Chile,capsicum
1410,Green Giant,tomato
1411,Green Grape,fruit
1412,Green Grape Tomato,tomato
1413,Green Limelight Bean,Legume
1414,Green Olive,olive
1415,Green Onion,vegetable
1416,Green Pineapple,tomato
1417,Green Sausage,tomato
1418,Green Tea,tea
1419,Green Zebra Tomato,tomato
1420,Greengage plum,stone Fruit
1421,Greenhouse Red Tomato,tomato
1422,Greenland Halibut,fish
1423,Gregory Altai,tomato
1424,Grenadine,Syrup
1425,Grey Salt,salt
1426,Grimpante De Mexique,tomato
1427,Grits,grain
1428,Groats,grain
1429,Grosse Chair De Boeuf,tomato
1430,Grosse Orange,tomato
1431,Ground Black Pepper,Spice
1432,Ground Cinnamon,Spice
1433,Ground Mustard,spice
1434,Gruene Helabias,tomato
1435,Gruyere,Cheese
1436,Guacamole,prepared
1437,Guaco,tea
1438,Guanciale,cured meat
1439,Guar Bean,Legume
1440,Guarana,herb
1441,Guava,fruit
1442,Guava Juice,juice
1443,Guavaberry,berry
1444,Guinea Fowl,Meat
1445,Guinea Grains,grain
1446,Gum Arabic,chemical
1447,Gumdrops,confectionary
1448,Gypsywort,herb
1449,Habanero,capsicum
1450,Hackberry,berry
1451,Haddock,Fish
1452,Hahms Gelbe Topf,tomato
1453,Hake,fish
1454,Half And Half,Dairy
1455,Halibut,Fish
1456,Ham,cured meat
1457,Hamaguri Clams,seafood
1458,Hamburger Bun,bread
1459,Hamo,seafood
1460,Hard Cheese,cheese
1461,Hard Red Spring Wheat,wheat
1462,Hard Red Winter Wheat,wheat
1463,Hard White Wheat,wheat
1464,Haricot Vert Buissoneux Bean,Legume
1465,Harissa,sauce
1466,Harofleet Bean,Legume
1467,Harokent Bean,Legume
1468,Harrison Cider Apple,apple
1469,Harry Gardener's Brown,tomato
1470,Hartman's Yellow,tomato
1471,Hawaiian,tomato
1472,Hawaiian Currant Tomato,tomato
1473,Hawaiian Pineapple,tomato
1474,Hawaiian Salt,salt
1475,Hawthorn,herb
1476,Hawthorn Berry,fruit
1477,Hazelnut,Nut
1478,Hazelnut Liqueur,spirit
1479,Hazelnut Oil,Oil
1480,Healani,tomato
1481,Health Kick Tomato,tomato
1482,Heart Of Palm,vegetable
1483,Heatwave Tomato,tomato
1484,Heavyweight Bean,Legume
1485,Hedge Mustard,herb
1486,Hedgehog Mushroom,fungi
1487,Heidi,tomato
1488,Hemp Oil,Oil
1489,Hemp Seeds,seed
1490,Henderson's Crimson Cushion,tomato
1491,Henderson's Pink Ponderosa Tomato,tomato
1492,Herb,Herb
1493,Herb Of Grace,herb
1494,Herbal Tea,tea
1495,Herbes De Provence,herb blend
1496,Herbs,Herbs
1497,"Hercules Wheat, Durum ",wheat
1498,Herdenans Vax Bean,Legume
1499,Herman's Yellow,tomato
1500,Herring,fish
1501,Hibiscus,flower
1502,Hickory,spice
1503,High Carotene Tomato,tomato
1504,Hijiki Seaweed,seaweed
1505,Hildora Yellow Wax Bean,Legume
1506,Hillbilly,tomato
1507,Hinkelman Telegraph Pea,Legume
1508,Hit Bean,Legume
1509,Ho Lohn Dow Pea,Legume
1510,Hoagie Roll,bread
1511,Hog Heart,tomato
1512,Hoisin Sauce,Sauce
1513,Hoja Santa,herb
1514,Holly,herb
1515,Homestead Tomato,tomato
1516,Hon Tsai Tai,leafy Green
1517,"Hon Tsai Tai Cabbage, Chinese ",brassica
1518,Honey,honey
1519,Honey,tomato
1520,Honey Crisp Apple,apple
1521,Honey Grape Tomato,tomato
1522,Honey Liqueur,spirit
1523,Honeybush Tea,tea
1524,Honeycomb,honey
1525,Honeydew Melon,fruit
1526,Honeysuckle,herb
1527,Hong Quiao Shi Fom Chang Yi Hao,tomato
1528,Hooker's Blue Corn,grain
1529,Hopi Black Bean,Legume
1530,Hopi Purple Bean,Legume
1531,Hops,flower
1532,Horchata,beverage
1533,Hordeum,grass
1534,Horehound,herb
1535,Horned Melon,fruit
1536,Horochuk Bean,Legume
1537,Horse,meat
1538,Horse Gram,Legume
1539,Horse Mackerel,fish
1540,Horsehair Crab,seafood
1541,Horseradish,root vegetable
1542,Hot Dog,cured meat
1543,Hot Sauce,Sauce
1544,Howard Byrons,tomato
1545,Huckleberry,berry
1546,Hugh's,tomato
1547,Humph,tomato
1548,Hungarian Giant,tomato
1549,Hungarian Italian,tomato
1550,Hungarian Naked Seeded Squash,squash
1551,Hurricane Bean,Legume
1552,Hyacinth Bean,Legume
1553,Hyssop,herb
1554,Ianetti Romano Pole Bean,Legume
1555,Ice Cream,dairy
1556,Ice Plant,vegetable
1557,Iceberg Lettuce,Leafy Green
1558,Icing,confectionary
1559,Ideal Market Bean,Legume
1560,Iguana,meat
1561,Ilama,meat
1562,Ildi,tomato
1563,Ilse's Yellow Latvian,tomato
1564,Imitation Crab,processed
1565,Impatiens,Flower
1566,India Pale Ale (beer),beer
1567,Indian,tomato
1568,Indian Bay Leaves,unknown
1569,Indian Parsley,herb
1570,Indian Pea,Legume
1571,Indian Stripe,tomato
1572,Indische Fleisch,tomato
1573,Indonesian Bay Leaves,herb
1574,Indonesian Cinnamon,spice
1575,Inga Edulis,fruit
1576,Insects,insect
1577,Iodized Salt,salt
1578,Ipkt 1047 (cuba),tomato
1579,Irish Cream,spirit
1580,Irish Moss Seaweed,seaweed
1581,Irish Whiskey,spirit
1582,Iroquois White Corn,grain
1583,Isbell's Golden Colossal,tomato
1584,Isis Candy,tomato
1585,Israeli Survivor,tomato
1586,Itabec,tomato
1587,Italian Oxheart,tomato
1588,Italian Pear,tomato
1589,Italian Pole Bean,Legume
1590,Italian Purple,tomato
1591,Italian sausage,Cured Meat
1592,Italian Sausage,cured meat
1593,Italian Sweet,tomato
1594,Italienne Noire,tomato
1595,Ivory Egg,tomato
1596,Ivory Pear Tomato,tomato
1597,Ivory Salmon,fish
1598,Iwa Oyster,seafood
1599,Jaborandi Pepper,capsicum
1600,Jabuticaba,fruit
1601,Jack Rabbit Kidney Bean,Legume
1602,Jackfruit,fruit
1603,Jackson Wonder Lima Bean,Legume
1604,Jaggery,sugar
1605,JalapeÔøΩo,capsicum
1606,Jam,sauce
1607,Jamaica Pepper,capsicum
1608,Jamaican Amber Rum,spirit
1609,Jamaican Jerk Spice,spice blend
1610,Jambul,fruit
1611,Jamon Iberico,Cured Meat
1612,Jamon Serrano,Cured Meat
1613,Janet's Little Sugar,tomato
1614,Japanese Amberjack,Fish
1615,Japanese Eggplant,vegetable
1616,Japanese Flying Squid,seafood
1617,Japanese Oxheart,tomato
1618,Japanese Trifele Black,tomato
1619,Jarlsberg Cheese,Cheese
1620,Jasmine,Flower
1621,Jasmine Rice,Rice
1622,Jateorhiza Calumba,herb
1623,Jeff Davis,tomato
1624,Jelly,confectionary
1625,Jelly Bean Tomato,tomato
1626,Jembo Polish Bean,Legume
1627,Jenkins Creek,tomato
1628,Jerky,Cured Meat
1629,Jersey Devil Tomato,tomato
1630,Jerusalem Artichoke ,vegetable
1631,Jesse Fisk Bean,Legume
1632,Jiaogulan,herb
1633,Jicama (mexican Turnip),vegetable
1634,Jinhua Pork,cured meat
1635,Jo Bean,Legume
1636,Jocote,fruit
1637,Joe Wilson's Heirloom,tomato
1638,Joffre,tomato
1639,John Baker,tomato
1640,Jolly Tomato,tomato
1641,Jubilee Tomato,tomato
1642,Juice,beverage
1643,Juliet,tomato
1644,Jumbo Jim Orange,tomato
1645,Jumbo Squid,seafood
1646,Juniper,herb
1647,Juniper Berry,spice
1648,Kabocha Squash,squash
1649,Kabuli Black Chickpea,legume
1650,Kaffir Lime,Citrus
1651,Kaffir Lime Leaf,herb
1652,Kai-lan/gai-lan (chinese Broccoli),vegetable
1653,Kaiser Roll,bread
1654,Kale,Leafy Green
1655,Kale Microgreens,Microgreens
1656,Kalman's Hungarian Pink,tomato
1657,Kanatto,tomato
1658,Kangaroo,Meat
1659,Kansas Depression,tomato
1660,Kazahk Schalavije,tomato
1661,Kefir,dairy
1662,Kellogg's Breakfast,tomato
1663,Kelp,seaweed
1664,Kentucky Heirloom Viva,tomato
1665,Kentwood Bean,Legume
1666,Ketchup,sauce
1667,Kewalo,tomato
1668,Key Lime,Citrus
1669,Khirhiv,tomato
1670,Khmeli Suneli,spice blend
1671,Kidney Bean,Legume
1672,Kielbasa,cured meat
1673,Kiev,tomato
1674,Kimberley,tomato
1675,Kimchi,fermented
1676,King Crab,seafood
1677,King Henry Swiss Chard,Leafy Green
1678,King Mackerel,fish
1679,Kingston Black Apple,apple
1680,Kinoko Mushroom,fungi
1681,Kirsch,spirit
1682,Kits Find,tomato
1683,Kiwifruit,fruit
1684,Knockwurst,Cured Meat
1685,Kohlrabi (german Turnip),vegetable
1686,Kohlrabi Microgreens,Microgreens
1687,Komatsuna,leafy Green
1688,Komatsuna,vegetable
1689,Komatsuna Microgreens,Microgreens
1690,Kombu Seaweed,seaweed
1691,Konigin Der Fruhen,tomato
1692,Konrad,tomato
1693,Korean Sundae sausage,Cured Meat
1694,Kosher Salt,Table salt
1695,Kosovo,tomato
1696,Kralowa,tomato
1697,Kransky (Polish sausage),Cured Meat
1698,Krasnodor Titans,tomato
1699,Kulcha,bread
1700,Kummel,spirit
1701,Kumquat ,Citrus
1702,Kurrat,Vegetable
1703,"Kustovajo, Brown Seeded Bean",Legume
1704,L. Golden Queen,tomato
1705,L. Honour Bright,tomato
1706,L. Macrocarpum Lutea,tomato
1707,L. Marvellous,tomato
1708,L. Perfection,tomato
1709,L'espagnol Lefebvre,tomato
1710,La Victoire Bean,Legume
1711,Labrador Tea,tea
1712,Ladyfinger,pastry
1713,Lager (beer),beer
1714,Lamar Oat,grain
1715,Lamb,Meat
1716,Lamb Arm Chop,Meat
1717,Lamb Backstrap,Meat
1718,Lamb Blade Chop,Meat
1719,Lamb Crown Roast,Meat
1720,Lamb Foreshank,Meat
1721,Lamb Kabobs,Meat
1722,Lamb Leg,Meat
1723,Lamb Leg Roast,Meat
1724,Lamb Loin,Meat
1725,Lamb Loin Chop,Meat
1726,Lamb Loin Roast,Meat
1727,Lamb Mince (Ground Lamb),Meat
1728,Lamb Neck,Meat
1729,Lamb Rack,Meat
1730,Lamb Rib Chop,Meat
1731,Lamb Rib Roast,Meat
1732,Lamb Shank Roast,Meat
1733,Lamb Short Loin,Meat
1734,Lamb Shoulder,Meat
1735,Lamb Shoulder Roast,Meat
1736,Lamb Sirloin Chop,Meat
1737,Lamb Sirloin Roast,Meat
1738,Lamb Spareribs,Meat
1739,Lamb Square Cut Shoulder,Meat
1740,Lamb Stew,Meat
1741,Lamb Tenderloin,Meat
1742,Lamb Top Round,Meat
1743,Lamb's Lettuce,Leafy Green
1744,Lambic (beer),beer
1745,Lamian,noodle
1746,Land Cress,herb
1747,Landino Di Pannochia,tomato
1748,Lanterne,Pasta
1749,Lapsi,fruit
1750,Lard,meat
1751,Lardo,Cured Meat
1752,Large Red Cherry,tomato
1753,Large Yellow (grosse Jaune),tomato
1754,Lasagna,pasta
1755,Lasagnette,pasta
1756,Laura's Wheat,wheat
1757,Lavender,herb
1758,Laver Seaweed,seaweed
1759,Lea's Supersteak,tomato
1760,Leaf Type Greens,Vegetable
1761,Leatherwood Special,tomato
1762,Leavener,Leavener
1763,Lecithin,chemical
1764,Ledoux Special,tomato
1765,Leek,vegetable
1766,Legumes,Legumes
1767,Lemon,Citrus
1768,Lemon Aspen,Citrus
1769,Lemon Balm,herb
1770,Lemon Basil,herb
1771,Lemon Boy Tomato,tomato
1772,Lemon Extract,flavouring
1773,Lemon Head,tomato
1774,Lemon Juice,Juice
1775,Lemon Mint,herb
1776,Lemon Myrtle,herb
1777,Lemon Oil,Oil
1778,Lemon Peel,spice
1779,Lemon Pepper,spice blend
1780,Lemon Verbena,herb
1781,Lemonade,beverage
1782,Lemongrass,herb
1783,Lenny And Gracie's Kentucky Heirloom,tomato
1784,Lentil,Legume
1785,"Lentil, du puy",legume
1786,"Lentil, Horse ",Legume
1787,Lesser Galangal,rhizome
1788,Lettuce,Leafy Green
1789,Leucaena,insect
1790,Liban,tomato
1791,Liberty Bell,tomato
1792,Licorice,confectionary
1793,Liebfraumilch,wine
1794,Light Rum,spirit
1795,Lila Sari,tomato
1796,Lillian's Kansas Paste,tomato
1797,Lillians Yellow Heirloom,tomato
1798,Lima Bean,Legume
1799,Lime ,Citrus
1800,Lime Green Salad,tomato
1801,Lime Juice,Juice
1802,Lime Leaf,herb
1803,Limeade,beverage
1804,Limoncello,Spirit
1805,Lingcod,fish
1806,Lingonberry,berry
1807,Linguica (Portuguese sausage),Cured Meat
1808,Linguine,Pasta
1809,Lingzhi mushroom,fungi
1810,Lipstick Tree,tree
1811,Liquid Smoke,flavouring
1812,Listada De Gandia Eggplant,vegetable
1813,Lithuanian,tomato
1814,Lithuanian Red Pepper,tomato
1815,Little Julia,tomato
1816,Little Lucky,tomato
1817,Littlefields Special Bean,Legume
1818,Littleneck Clam,seafood
1819,Liver sausage,Cured Meat
1820,Livingston's Golden Queen,tomato
1821,Livingston's Honor Bright,tomato
1822,Livingston's Marvelous,tomato
1823,Livingston's Paragon,tomato
1824,Livingston's Perfection,tomato
1825,Lobster,seafood
1826,Lobster Mushroom,fungi
1827,Lobster Oil,Oil
1828,Loganberry,berry
1829,Lollipop,tomato
1830,Lollo Lettuce,leafy Green
1831,Long Lake Giant Bean,Legume
1832,Long Pepper,spice
1833,Long-finned Squid,seafood
1834,Longan,fruit
1835,Longkeeper,tomato
1836,Longnose And Big Skate,fish
1837,LÔøΩcuma,fruit
1838,Loquat ,fruit
1839,Lotus Root,vegetable
1840,Louisiana Dixie,tomato
1841,Louisiana Pink,tomato
1842,Louisiana Red,tomato
1843,Lovage,herb
1844,Love-in-a-mist seed,spice
1845,Lucchese,tomato
1846,Lucky Cross,tomato
1847,Lucky Leprechaun,tomato
1848,Luffa,vegetable
1849,Luisa's Romano Bean,Legume
1850,Lumpy Red,tomato
1851,Lunch Bucket,tomato
1852,Lupin bean,Legume
1853,Lusignan's Special,tomato
1854,Luther Hill Corn,grain
1855,Lychee,fruit
1856,Lycopersicon Melandcarpa,tomato
1857,Mabolo,fruit
1858,Mac Pink,tomato
1859,Macadamia Nut,Nut
1860,Macadamia Oil,Oil
1861,Macaroni,Pasta
1862,Mace,spice
1863,Mache/Corn Salad Greens,leafy Green
1864,Macintosh Apple,apple
1865,Mackerel,fish
1866,Madbury,tomato
1867,Madeira,wine
1868,Madras Thorn,Legume
1869,Mafaldine,Pasta
1870,Mahaleb Cherry,stone Fruit
1871,Mahi Mahi,fish
1872,Mahlab,spice
1873,Mahlor Roth's Orange Brandywine,tomato
1874,Maida Flour,flour
1875,MaidenÔøΩs Ruin,herb
1876,Maitake Mushroom,fungi
1877,Maize,grain
1878,Maize (Corn) Flour,Flour
1879,Major Bean,Legume
1880,Malabar Gourd,squash
1881,Malabathrum,herb
1882,Malagueta Pepper,capsicum
1883,Malay Apple,apple
1884,Maleria,tomato
1885,Malinowski,tomato
1886,Malt,chemical
1887,Malt Flavoring,flavouring
1888,Malt Vinegar,vinegar
1889,Malva,vegetable
1890,Mama Leone,tomato
1891,Mamey Sapote,fruit
1892,Mamoncillo,fruit
1893,Managatsuo Tuna,fish
1894,Manchengo,Cheese
1895,Mandan Bride Corn,grain
1896,Mandarin Orange,Citrus
1897,Mango,fruit
1898,Mangosteen,fruit
1899,Manilkara Kaukii,fruit
1900,Manitoba,tomato
1901,Manitoba Pea,Legume
1902,Mansell Magic Bean,Legume
1903,Mantis Shrimp,seafood
1904,MantÔøΩ,prepared
1905,Mantova,tomato
1906,Manufactured,Manufactured
1907,Maple Flavoring,flavouring
1908,Maple Sugar,sugar
1909,Maple Syrup,syrup
1910,Marang,fruit
1911,Maraschino Cherry,stone Fruit
1912,Marfax Bean,Legume
1913,Marianna's Peace,tomato
1914,Marianne's,tomato
1915,Marigolds,Flower
1916,Maritza 1207,tomato
1917,Marizol Black,tomato
1918,Marizol Bratka,tomato
1919,Marizol Magic,tomato
1920,Marizol Pink,tomato
1921,Marizol Purple,tomato
1922,Marjoram,herb
1923,Market At Huachinango Puebia Mexico,tomato
1924,Marlin,fish
1925,Marmalade,sauce
1926,Marron Glace,confectionary
1927,Marrowfat Bean,Legume
1928,Marsala,wine
1929,Marsh Labrador Tea,tea
1930,Marshmallow,confectionary
1931,Marvel Of Four Seasons Lettuce,Leafy Green
1932,Marvel Of Venice Bean,Legume
1933,Marvel Stripe,tomato
1934,Marvel Striped,tomato
1935,Mary Robinson's German Bicolor Tomato,tomato
1936,Marz Yellow Red Stripes,tomato
1937,Masa Harina,Flour
1938,Masa Harina,grain
1939,Masala,spice blend
1940,Mascarpone,Cheese
1941,Matina,tomato
1942,Matsuba Crab,seafood
1943,Matsutake,fungi
1944,Matzo,prepared
1945,Mauve,tomato
1946,Mawlenowe,tomato
1947,May King Lettuce,Leafy Green
1948,Mayan Indian,tomato
1949,Mayo's Delight,tomato
1950,Mayonnaise,sauce
1951,Mead,beverage
1952,Meadowsweet,herb
1953,Meat,Meat
1954,Medlar,fruit
1955,Mee Pok,noodle
1956,Mega Tom,tomato
1957,Melastoma Affine,fruit
1958,Melegueta Pepper,capsicum
1959,Melon,fruit
1960,Melon Liqueur,spirit
1961,Meme Beauce,tomato
1962,Memorial Polish Paste,tomato
1963,Mennonite Bean,Legume
1964,Mennonite Heirloom,tomato
1965,Mennonite Orange,tomato
1966,Mennonite Waterloo String Pole Bean,Legume
1967,Merguez sausage,Cured Meat
1968,Meringue,confectionary
1969,Mesclun Salad Greens Lettuce,Leafy Green
1970,Mesquite,spice blend
1971,Mexican Chorizo,Cured Meat
1972,Mexican Honey,tomato
1973,Mexican Marigold,herb
1974,Mexican Midget,tomato
1975,Mexican Pepper Leaves,herb
1976,Mexican Rice,Rice
1977,Mexican Saffron,spice
1978,Mexican Tea,tea
1979,Mexico,tomato
1980,Meyer Lemon,Citrus
1981,Mezcal,spirit
1982,Micro-Tom Tomato,tomato
1983,Mike's Australian,tomato
1984,Mike's Italian,tomato
1985,Milk,dairy
1986,Milk And Cider Bean,Legume
1987,Milk Chocolate,confectionary
1988,Milk Powder,processed
1989,Milk Thistle,vegetable
1990,Milka's,tomato
1991,Milka's Red Bulgarian,tomato
1992,Millet,grain
1993,Millionaire,tomato
1994,Milta Black Bean,Legume
1995,Mincemeat,confectionary
1996,Minestrone Soup,prepared
1997,Mini Brocolli,Vegetable
1998,Mini Melon,Fruit
1999,Mini Orange,tomato
2000,Mini Roma Tomato,tomato
2001,Miniature White Cucumbers,Vegetable
2002,Minibel Naine Pour Balcons,tomato
2003,Mint,Herb
2004,Mirin,sauce
2005,Miso,sauce
2006,Missouri Love Apple Tomato,tomato
2007,Missouri Pink Love Apple,tomato
2008,Missouri Wonder Bean,Legume
2009,Mitmita,spice blend
2010,Mixed Spice,spice blend
2011,Mizuna Greens (japanese Mustard),Leafy Green
2012,Mizuna Microgreens,Microgreens
2013,Mock Strawberry,fruit
2014,Molasses,sauce
2015,Moldovan Green,tomato
2016,Molinok,tomato
2017,Mom's,tomato
2018,Momotaro Tomato,tomato
2019,Monarda Didyma,herb
2020,Moneymaker Tomato,tomato
2021,Monkfish,fish
2022,Monosodium Glutimate,chemical
2023,Montcalm Dark Red Kidney Bean,Legume
2024,Monterey Jack Cheese,cheese
2025,Montezuma Red Bean,Legume
2026,Montreal Tasty,tomato
2027,Moor Pepper,capsicum
2028,Moose,Meat
2029,Morado,tomato
2030,Morden Yellow,tomato
2031,Morel Mushroom,fungi
2032,Morinda,fruit
2033,Moro (Blood) Orange,Citrus
2034,Mortadella,Cured Meat
2035,Mortgage Lifter Tomato,tomato
2036,"Mortgage Lifter, Pasta Strain Tomato ",tomato
2037,"Mortgage Lifter, Yellow Tomato",tomato
2038,Mostaccioli,Pasta
2039,Moth Lima Bean,Legume
2040,Motherwort,herb
2041,Mountain Pepper,spice
2042,Mountain Skullcap,herb
2043,Mozuku Seaweed,seaweed
2044,Mozzarella,Cheese
2045,Mr. Jack,tomato
2046,Mr. Stripey,tomato
2047,Mrocumiere Bean,Legume
2048,Mrs. Bot's Italian Giant,tomato
2049,Mrs. Kennedy,tomato
2050,Mrs. O'brien's Climbing Zebra Bean Bean,Legume
2051,Muffin,pastry
2052,Mugwort,herb
2053,Mulberry,Berry
2054,Mull Kidney Bean,Legume
2055,Mullein,herb
2056,Multi-colour,tomato
2057,Mundu,fruit
2058,Mung Bean,Legume
2059,Mung Bean Sprouts,Sprouts
2060,Muntries,fruit
2061,Muscovado,Table sugar
2062,Mushroom,fungi
2063,Mushroom Flavored Dark Soy Sauce,sauce
2064,Music Garlic,root vegetable
2065,Muskmelon,Fruit
2066,Mussels ,seafood
2067,Mustard,sauce
2068,Mustard Greens ,Leafy Green
2069,Mustard Microgreens,Microgreens
2070,Mustard Seed,spice
2071,Mustard Seed Oil,Oil
2072,Mustard Sprouts,Sprouts
2073,Mustard Sprouts,Sprouts
2074,Mutton,Meat
2075,Myrtle,herb
2076,Myrtle Pepper,spice
2077,Nageria Bean,Legume
2078,Nance,fruit
2079,Napa Cabbage,vegetable
2080,Naranjilla,fruit
2081,Nashi Pear,pear
2082,Nasturtium,flower
2083,Natto,fermented
2084,Natural Brown Sugar,Sugar
2085,Navajo Bean,Legume
2086,Navel Orange,Citrus
2087,Navy Bean,Legume
2088,Neckarkonigin Bean,Legume
2089,Nectarine,Citrus
2090,Neem,vegetable
2091,Negro Azteca,tomato
2092,Negro Pepper,capsicum
2093,Nepal,tomato
2094,Nepal Tomato,tomato
2095,Nepeta,herb
2096,Nettle,herb
2097,Neves Azorean Red,tomato
2098,Nez Perce Bean,Legume
2099,Niemeyer,tomato
2100,Nina's Heirloom,tomato
2101,Noire Charbonneuse,tomato
2102,Non-alcoholic Wine,beverage
2103,Nonpareils,confectionary
2104,Noodles,noodle
2105,Nopal,Vegetable
2106,Nori,Seaweed
2107,Nori (laver) Seaweed,seaweed
2108,Northern Lights Tomato,tomato
2109,Northern Propellor Clams,seafood
2110,Northern Shrimp,seafood
2111,Norwegian Bean,Legume
2112,Norwegian Brown Bean,Legume
2113,Nougat,confectionary
2114,Novechoc,tomato
2115,Novikov's Giant,tomato
2116,Nungu Fruit,fruit
2117,Nut,Nut
2118,Nut Butter,sauce
2119,Nut Flour,flour
2120,Nut Milk,unknown
2121,Nut Oil,Oil
2122,Nutella,sauce
2123,Nutmeg,spice
2124,Nutmeg,spice
2125,Nutritional Yeast,Fungi
2126,Nyagous Tomato,tomato
2127,O'odham Vayos Bean Bean,Legume
2128,Oac Seaforth Bean,Legume
2129,Oakleaf Lettuce,leafy Green
2130,"Oakleaf, Green Lettuce ",Leafy Green
2131,"Oakleaf, Red Lettuce ",Leafy Green
2132,Oat Bran,grain
2133,Oatmeal,prepared
2134,Oats,grain
2135,Oaxaca Cheese,cheese
2136,Oaxacan Green Dent Corn,grain
2137,Oaxacan Jewel,tomato
2138,Octopus,seafood
2139,Odawa Bean,Legume
2140,Ogonori Seaweed,seaweed
2141,Ohio Cutshort Bean,Legume
2142,Oil,Oil
2143,Okra,vegetable
2144,Olallieberry,berry
2145,Old 49 Er,tomato
2146,Old Bay Seasoning,spice blend
2147,Old Fashioned Oxheart,tomato
2148,Old Fashioned Red And Yellow,tomato
2149,Old Fashioned Steak,tomato
2150,Old Italian,tomato
2151,Old Time Purple,tomato
2152,Old Timey Looney,tomato
2153,Old Virginia,tomato
2154,Olirose De St. Dominique,tomato
2155,Olive,olive
2156,Olive Oil,Oil
2157,Omar's Lebanese,tomato
2158,Onion,root vegetable
2159,Onion Powder,spice
2160,Onions (Bunching/Scallion),Vegetable
2161,Ononis,herb
2162,Oolong Tea,tea
2163,Opal Basil,herb
2164,Opalka Tomato,tomato
2165,Optimus,tomato
2166,Opuntia,fruit
2167,Orach Microgreens,Microgreens
2168,Orange,tomato
2169,Orange ,Citrus
2170,Orange Bitters,flavouring
2171,Orange Blossom Tomato,tomato
2172,Orange Cherry Tomato,tomato
2173,Orange Curacao,spirit
2174,Orange Flower Water,flavouring
2175,Orange Heart,tomato
2176,Orange Juice,Juice
2177,Orange Liqueur,Spirit
2178,Orange Oil,Oil
2179,orange peel,spice
2180,Orange Pekoe,tea
2181,Orange Roughy,fish
2182,Orange Russian 117,tomato
2183,Orange Strawberry,tomato
2184,Orange-1,tomato
2185,Orca Bean,Legume
2186,Orchard Baby Corn,grain
2187,Orecchiette,pasta
2188,Oregano,herb
2189,Oregon Spring Tomato,tomato
2190,Oregon-grape,berry
2191,Orgeat Syrup,syrup
2192,Oridoko Tomato,tomato
2193,Oro,tomato
2194,Ororiko,tomato
2195,Orris Root,herb
2196,Orzo,Pasta
2197,Osmorhiza,herb
2198,Ostrich,Meat
2199,Oswego Tea,tea
2200,Ottawa 16,tomato
2201,Ottawa 44,tomato
2202,Ouzo,spirit
2203,Oxtail,Meat
2204,Oyster,seafood
2205,Oyster Mushroom,fungi
2206,Oyster Sauce,Sauce
2207,Pac Choi,Vegetable
2208,Pacesetter,tomato
2209,Pacific Cod ,fish
2210,Pacific Geoduck Clams,seafood
2211,Pacific Grenadier,fish
2212,Pacific Hake,fish
2213,Pacific Halibut,fish
2214,Pacific Herring,fish
2215,Pacific Sanddab,fish
2216,Pacific Sardine,fish
2217,Pacific Tuna,fish
2218,Packhouse,tomato
2219,Paddlefish,fish
2220,Pakmor,tomato
2221,Pale Perfect Purple,tomato
2222,Palestinian,tomato
2223,Palm Oil,Oil
2224,Palm Syrup,syrup
2225,Pancetta,cured meat
2226,Panch Phoron,spice blend
2227,Pandan Rice,Rice
2228,Paneer,cheese
2229,Panko,prepared
2230,Pantano Romanesco,tomato
2231,Papalo,Herb
2232,Papaya Juice,juice
2233,Pappardelle,Pasta
2234,Paprika,spice
2235,Paracress,herb
2236,Paradajiz Steme,tomato
2237,Paragon,tomato
2238,Parisian Pickling Cucumbers,Vegetable
2239,Parmesan,cheese
2240,Parmigiano Reggiano,Cheese
2241,Parris Island Cos Lettuce,Leafy Green
2242,Parsley,herb
2243,Parsnip,root vegetable
2244,Partridge,Meat
2245,Pasilla,capsicum
2246,Passionfruit,fruit
2247,Passionfruit Juice,juice
2248,Passionfruit Syrup,syrup
2249,Pasta,pasta
2250,Pastrami,cured meat
2251,Pastry,pastry
2252,Pastry Flour,flour
2253,Patchouli,spice
2254,Pate,Cured Meat
2255,"Paterage Head, Large Bean",Legume
2256,Patio Tomato,tomato
2257,Patty Pan Squash,squash
2258,Paul Robeson,tomato
2259,Pawpaw,fruit
2260,Pea,vegetable
2261,Pea Shoots,Sprouts
2262,Pea Shoots,vegetable
2263,Peacevine Cherry,tomato
2264,Peach,stone Fruit
2265,Peach Bitters,flavouring
2266,Peach Brandy,spirit
2267,Peach Schnapps,spirit
2268,Peacotum,stone Fruit
2269,Peak Of Perfection,tomato
2270,Peanut,Nut
2271,Peanut Butter,sauce
2272,Peanut Butter Fruit,fruit
2273,Peanut Oil,Oil
2274,Pear,pear
2275,Pear Juice,juice
2276,Pearl Barley,grain
2277,Pearl Harbour,tomato
2278,Pearl Onion,vegetable
2279,Pecan,Nut
2280,Pecan Oil,Oil
2281,Peche (vilinorin Andrieux),tomato
2282,Peche Blanche,tomato
2283,Peche Jaune,tomato
2284,Pecorino Romano,Cheese
2285,Pectin,chemical
2286,Pen Shell  Clams,seafood
2287,Penne,Pasta
2288,Pennyroyal,herb
2289,Pepa De Zapollo Bean,Legume
2290,Pepper,spice
2291,Pepper RosÔøΩ,spice
2292,Pepper Tom,tomato
2293,"Pepper Tree, African",spice
2294,"Pepper Tree, Californian",spice
2295,"Pepper, Jawanese",spice
2296,"Pepper, Peruvian",spice
2297,Peppermint,herb
2298,Peppermint,tomato
2299,Peppermint Schnapps,spirit
2300,Pepperoncini,Capsicum
2301,Pepperoni,cured meat
2302,Perestroika,tomato
2303,Perfekta,tomato
2304,Perilla,herb
2305,Peron Sprayless,tomato
2306,Perry's Pride,tomato
2307,Persia,tomato
2308,Persian Lime,Citrus
2309,Persian Lime,Citrus
2310,Persimmon ,fruit
2311,Persimmon Tomato,tomato
2312,Peruvian Pepper Tree,capsicum
2313,Pesto,sauce
2314,Pesto Basil,Herb
2315,Petit Moineau,tomato
2316,Petite Pomme Blanche,tomato
2317,Peto Mech 2,tomato
2318,Petogro,tomato
2319,Petrale Sole,fish
2320,Pheasant,meat
2321,Phil's Fantastic,tomato
2322,Phyllo,pastry
2323,Picardy,tomato
2324,Picholine Olive,olive
2325,Pici,Pasta
2326,Pickle Relish,sauce
2327,Pickled,Pickled
2328,Pickled Ginger,pickle
2329,Pickled Tofu,pickle
2330,Pickled Vegetable,pickle
2331,Pickling Salt,salt
2332,Pickling Spice,spice blend
2333,Pie,pastry
2334,Pie crust,pastry
2335,Pierce's Pride Tomato,tomato
2336,Pig's Feet,Meat
2337,Pigeon,Meat
2338,Pigeon Pea,Legume
2339,Pigeon Plum,fruit
2340,Pignut,spice
2341,Pik's Yogo,tomato
2342,Pili Nut,Nut
2343,Piloncillo,sugar
2344,Pimento,capsicum
2345,Pine Nut,Nut
2346,Pine Nut Oil,Oil
2347,Pineapple,fruit
2348,Pineapple,tomato
2349,Pineapple Fog,tomato
2350,Pineapple Juice,Juice
2351,Pineapple Mint,herb
2352,Pineapple Verbena,herb
2353,Ping Pong Pink Tomato,tomato
2354,Pink Accordion,tomato
2355,Pink Banana Squash,squash
2356,Pink Bisignoz,tomato
2357,Pink Brandywine Tomato,tomato
2358,Pink German Tree Tomato,tomato
2359,Pink Ice,tomato
2360,"Pink Opal Cherry, Cherry Pink O's Tomato",tomato
2361,Pink Oxheart Tomato,tomato
2362,Pink Peach,tomato
2363,Pink Pepper,herb
2364,Pink Ping Pong,tomato
2365,Pink Ponderosa,tomato
2366,Pink Russian 117,tomato
2367,Pink Salmon,fish
2368,Pink Shrimp,seafood
2369,Pink-white,tomato
2370,Pinole,flour
2371,Pinot Grigio,wine
2372,Pinot Noir,wine
2373,Pinto Bean,Legume
2374,Piracicaba Broccoli,brassica
2375,Pisanello Da Bruschetta,tomato
2376,Pisco,spirit
2377,Pismo Clam,seafood
2378,Pistachio,Nut
2379,Pistachio Oil,Oil
2380,Pita,bread
2381,Pitaya,fruit
2382,Pizza,prepared
2383,Pizza Dough,prepared
2384,Pizza Sauce,Sauce
2385,Pizzoccheri,Pasta
2386,Planovyj A-80,tomato
2387,Plant,Plant
2388,Plantain,fruit
2389,Plate Du Portugal,tomato
2390,Platzfest,tomato
2391,Plourde,tomato
2392,Plum ,stone Fruit
2393,Plum Black,tomato
2394,Plum Lemon,tomato
2395,Plum Tomato,tomato
2396,Pluot,stone Fruit
2397,Poblano,Capsicum
2398,Pod Pepper,capsicum
2399,Poeletto,tomato
2400,Pointed Gourd,squash
2401,Pole Beans,Legume
2402,Polenta,grain
2403,Polish Egg,tomato
2404,Polish Pink,tomato
2405,Polish Pride,tomato
2406,Pollock,fish
2407,Pollock,tomato
2408,Polygonum,herb
2409,Pomadoro Grosso,tomato
2410,Pomegranate ,fruit
2411,Pomegranate Juice,Juice
2412,Pomegranate Liquor,spirit
2413,Pommelo,Citrus
2414,Pond-apple,fruit
2415,Ponderosa Pink Tomato,tomato
2416,Popcorn,prepared
2417,Popcorn Salt,salt
2418,Popeye Grenadier,fish
2419,Poppy,flower
2420,Poppy Seed,spice
2421,Porcini Mushroom,fungi
2422,Pork,Meat
2423,Pork Arm Steak,Meat
2424,Pork Belly,Meat
2425,Pork Blade Boston Roast,Meat
2426,Pork Blade Chop,Meat
2427,Pork Blade Loin,Meat
2428,Pork Blade Steak,Meat
2429,Pork Center Loin,Meat
2430,Pork Center Rib Roast,Meat
2431,Pork Hock (Shank),Meat
2432,Pork Jowl,Meat
2433,Pork Leg,Meat
2434,Pork Leg Cutlets,Meat
2435,Pork Loin,Meat
2436,Pork Loin Chop,Meat
2437,Pork Mince (Ground Pork),Meat
2438,Pork Picnic Roast,Meat
2439,Pork Picnic Shoulder,Meat
2440,Pork Rib Chop,Meat
2441,Pork Rib End Roast,Meat
2442,Pork Ribs,Meat
2443,Pork Shoulder (Boston Butt),Meat
2444,Pork Sirloin,Meat
2445,Pork Sirloin Chop,Meat
2446,Pork Sirloin Cutlet,Meat
2447,Pork Sirloin Roast,Meat
2448,Pork Spareribs,Meat
2449,Pork Tenderloin,Meat
2450,Pork Top Loin Roast,Meat
2451,Port Wine,wine
2452,Porter (beer),beer
2453,Porterhouse Steak,Meat
2454,Porters Pride,tomato
2455,Portland Sweet,tomato
2456,Portuguese Neighbour,tomato
2457,Potato,root vegetable
2458,Potato Flakes,processed
2459,Potato Flour,flour
2460,Potato Redskins,tomato
2461,Potato Starch,Flour
2462,Potato Top,tomato
2463,Potiron,tomato
2464,Potomac,tomato
2465,Poultry,Meat
2466,Poultry Seasoning,spice blend
2467,Pound Cake,pastry
2468,Powdered Sugar,Sugar
2469,Power's Heirloom,tomato
2470,Pq 1121,tomato
2471,Prachtlow,tomato
2472,Prairie Turnip,vegetable
2473,Prawn,seafood
2474,Precious,tomato
2475,Preserves,sauce
2476,Pretzel,bread
2477,Pretzel Salt,salt
2478,Pride Of Wisconsin Melon,fruit
2479,Primrose Gage,tomato
2480,Primula,herb
2481,Prince Purple Bean,Legume
2482,Princepe Borghese,tomato
2483,Pritchard's Scarlet Topper,tomato
2484,Prosciutto,Cured Meat
2485,Prosciutto cotto,Cured Meat
2486,Prosciutto crudo,Cured Meat
2487,Prosecco,wine
2488,Provenzano,tomato
2489,Provenzano Lettuce,Leafy Green
2490,Provolone,Cheese
2491,Prue,tomato
2492,Prune,Dried Fruit
2493,Prune Juice,juice
2494,Prussian Asparagus,vegetable
2495,Psr 100-29 Firecheers,tomato
2496,Psr 546,tomato
2497,Psyllium husk,grain
2498,Pu-erh Tea,tea
2499,Puff Pastry,pastry
2500,Pufferfish,fish
2501,Pulasan,fruit
2502,Pumpernickel,bread
2503,Pumpkin,squash
2504,Pumpkin Pie Spice,spice blend
2505,Pumpkin Seed,seed
2506,Pumpkin Seed Oil,Oil
2507,Purple,tomato
2508,Purple Basil,Herb
2509,Purple Brandy,tomato
2510,Purple Calabash Tomato,tomato
2511,Purple Cherokee Tomato,tomato
2512,Purple Cherry Tomato,tomato
2513,Purple De Milpa Tomatillo,vegetable
2514,Purple Hued,tomato
2515,Purple Leaf Amaranth,herb
2516,Purple Passionflower,fruit
2517,Purple Perfect,tomato
2518,Purple Price,tomato
2519,Purple Prince,tomato
2520,Purple Russian,tomato
2521,Purple Salsify,herb
2522,Purple Smudge,tomato
2523,Purple Stripe Bean,Legume
2524,Purple Top Strap Leaf Turnip,root vegetable
2525,Purslane,herb
2526,Purslane Microgreens,Microgreens
2527,Pyrethrum,Herb
2528,Q200,tomato
2529,Q245,tomato
2530,Quail,Meat
2531,Quail Eggs,egg
2532,Quandong,fruit
2533,Quark,cheese
2534,Quassia,herb
2535,Quebec  5,tomato
2536,Quebec 2473,tomato
2537,Quebec 309,tomato
2538,Quedlinburger Fruhe Liebe,tomato
2539,Queso Fresco,cheese
2540,Quia De La Dong,tomato
2541,Quick-cooking Oat,grain
2542,Quince,fruit
2543,Quinoa,grain
2544,Quinoa Flour,Flour
2545,Rabbit,Meat
2546,Radiator Charlie's Mortgage Lifter Tomato,tomato
2547,Radiatore,Pasta
2548,Radicchio,Leafy Green
2549,Radinilee,tomato
2550,Radish,root vegetable
2551,Radish Microgreens,Microgreens
2552,Rainbow Trout,fish
2553,Raisin ,dried fruit
2554,Rambutan,fruit
2555,Ramito Dorado,tomato
2556,Ramito Dulce Tomato,tomato
2557,Ramsons,allium
2558,Rangpur,Citrus
2559,Rapeseed herb,herb
2560,Rapini,vegetable
2561,Ras El Hanout,spice blend
2562,Raspberry,Berry
2563,Raspberry,tomato
2564,Raspberry Liqueur,spirit
2565,"Raspberry, Large Red",tomato
2566,Rattlesnake,meat
2567,Rattlesnake Snap Bean,Legume
2568,Ravela Bean,Legume
2569,Ravioli,pasta
2570,Raw Milk,dairy
2571,Raw Wheat Germ,grain
2572,Razor Clam,seafood
2573,Readily Digestible Starch,chemical
2574,Recado Rojo,spice blend
2575,Red And Yellow,tomato
2576,Red Barn,tomato
2577,Red Bell Pepper,Capsicum
2578,Red Belly,tomato
2579,Red Bush Apple,fruit
2580,Red Butter Heart,tomato
2581,Red Cabbage,vegetable
2582,Red Chestnut Squash,squash
2583,Red Clover,herb
2584,Red Delicious Apple,apple
2585,Red Fig,tomato
2586,Red Fish,fish
2587,Red Grape,fruit
2588,Red Grape,tomato
2589,Red Intermediate Mangel Beet,root vegetable
2590,Red Jacket,tomato
2591,Red Kidney Bean,Legume
2592,Red Kuri Squash,squash
2593,Red Leaf Lettuce,Leafy Green
2594,Red Lettuce,leafy Green
2595,Red Mulberry,berry
2596,Red Onion,vegetable
2597,Red Peanut Bean,Legume
2598,Red Pear,tomato
2599,Red Pepper,capsicum
2600,Red Porgy,fish
2601,Red Quinoa,grain
2602,Red Raspberry,berry
2603,Red Rose,tomato
2604,Red Sea Bream,fish
2605,Red Sea Urchin,seafood
2606,Red Snapper,Fish
2607,Red Stack Celery,vegetable
2608,Red Star,tomato
2609,Red Valentine Bean,Legume
2610,Red Velvet Lettuce,Leafy Green
2611,Red Wine,wine
2612,Red Wine Vinegar,vinegar
2613,Red Yellow,tomato
2614,Red Zebra,tomato
2615,Red-seeded Citron Watermelon,Fruit
2616,Refried Bean,prepared
2617,Regina's Yellow,tomato
2618,Reine Des Pres,tomato
2619,Reisetomate,tomato
2620,Reishi Mushroom,fungi
2621,Relish,sauce
2622,Reshteh,noodle
2623,Resistant Starch,chemical
2624,Resurrection Lily,rhizome
2625,Rex Sole,fish
2626,Rheinlands Ruhm,tomato
2627,Rhubarb,vegetable
2628,Rib Eye Steak,Beef
2629,Rice,Cereal
2630,Rice Bean,Legume
2631,Rice Bran Oil,Oil
2632,Rice Flour,Flour
2633,Rice Milk,unknown
2634,Rice Noodles,noodle
2635,Rice paddy herb,herb
2636,Rice Paper,processed
2637,Rice Vermicelli,noodle
2638,Rice Wine,spirit
2639,Rice Wine Vinegar,vinegar
2640,Richardson,tomato
2641,Rico Bean,Legume
2642,Ricotta Cheese,Cheese
2643,Rideau,tomato
2644,Rideau Sweet Cherry,tomato
2645,Ridswurst,Cured Meat
2646,Riesentraube Gelf,tomato
2647,Rigatoni,Pasta
2648,Rillette,Cured Meat
2649,Rinon,tomato
2650,Robinson,tomato
2651,Rocco's Favourite,tomato
2652,Rock Cherry,fruit
2653,Rock Salt,salt
2654,Rock Samphire,vegetable
2655,Rock Sole,fish
2656,Rockfish,fish
2657,Rodney Oat,grain
2658,Rodopi,tomato
2659,Roforto,tomato
2660,Roger's Best Black,tomato
2661,Roja De Seda Bean,Legume
2662,Rolanda Bean,Legume
2663,Roll,bread
2664,Rolled Oats,grain
2665,Roma Tomato,tomato
2666,Romaine Lettuce,leafy Green
2667,Romaine Mouchetee,tomato
2668,Roman Candle,tomato
2669,Roman Chamomile,herb
2670,Romano,tomato
2671,Romano Pole Bean,Legume
2672,Romeo And Juliette,tomato
2673,Rooibos Tea,tea
2674,Root Beer Plant,herb
2675,Ropreco,tomato
2676,Rosabec,tomato
2677,Rosalie's Paste,tomato
2678,Rosalita,tomato
2679,Rose,flower
2680,Rose Beauty,tomato
2681,Rose De Berne,tomato
2682,Rose De Palerme,tomato
2683,Rose Hip ,herb
2684,Rose Table Wine,wine
2685,Roseheart,tomato
2686,Rosemary,herb
2687,Rosewater,flavouring
2688,Ross Red Salad,tomato
2689,Rotelle,Pasta
2690,Roti,bread
2691,Rotini,Pasta
2692,Rotkappchen,tomato
2693,Rouge Du Chexbres,tomato
2694,Rouge Vif D'etamps Squash,squash
2695,Rowan,fruit
2696,Royal Chico,tomato
2697,Royal Hilberry,tomato
2698,Royale Des Guineaux,tomato
2699,Rubin-7,tomato
2700,"Ruby Rakes, White",tomato
2701,Rufus Carrigan's Mexican,tomato
2702,Rum,spirit
2703,Rum,unknown
2704,Runner Bean,Legume
2705,Russet Burbank Potato,Potato
2706,Russian,tomato
2707,Russian 117,tomato
2708,Russian Big Roma,tomato
2709,Russian Bogatyr,tomato
2710,Russian Currant,tomato
2711,Russian Fersimmon,tomato
2712,Russian Heart,tomato
2713,Russian Potato,tomato
2714,Russian Rose Tomato,tomato
2715,Russo-polonaise,tomato
2716,Rutabaga,root vegetable
2717,Rutgers Tomato,tomato
2718,Rutgers Vf,tomato
2719,Ruth's Perfect,tomato
2720,Rybizave,tomato
2721,Rye Bread,bread
2722,Rye Flour,Flour
2723,Rye Whiskey,spirit
2724,Sa Cha Sauce,sauce
2725,Saba Banana,fruit
2726,Sablefish (black Cod),fish
2727,Sacred Basil,herb
2728,Sacred Pepper,capsicum
2729,Safflower Oil,Oil
2730,Saffron,Spice
2731,Sage,herb
2732,Sageretia Theezans,fruit
2733,Saigon Cinnamon,spice
2734,Sake,beverage
2735,Salad,prepared
2736,Salad Burnet,herb
2737,Salad Dressing,processed
2738,Salad Greens,Leafy Green
2739,Salad Tomato,tomato
2740,Salak,fruit
2741,Salal,berry
2742,Salami,cured meat
2743,Salmon,Fish
2744,Salmon Roe,fish
2745,Salmonberry,berry
2746,Salsa,sauce
2747,Salsify (Oyster Plant),herb
2748,Salt,salt
2749,Salted Butter,dairy
2750,Saltwort,Herb
2751,Salumi,cured meat
2752,Salvia,herb
2753,Sambal,sauce
2754,San Diego Tomato,tomato
2755,San Marzano La Padino,tomato
2756,San Marzano Redorta Tomato,tomato
2757,San Marzano Tomato,tomato
2758,Sanddab,fish
2759,Sandul Moldovan,tomato
2760,Sandwich,prepared
2761,Sangatsuga Barley,grain
2762,Sanguine Amelioree Lettuce,Leafy Green
2763,Santa Cruz Cada,tomato
2764,Sapodilla,fruit
2765,Sara Pink Cherry,tomato
2766,Sara's Galapagos,tomato
2767,Sardine,Fish
2768,Sarepta Mustard,vegetable
2769,Sasha's Altai,tomato
2770,Saskatoon Berry,berry
2771,Sassafras,herb
2772,Satsuma Mandarin,Citrus
2773,Saturn,tomato
2774,Sauces,sauce
2775,Saucisson,Cured Meat
2776,Sauerkraut,fermented
2777,Saunders Wheat,wheat
2778,Saury,fish
2779,Sausage,Cured Meat
2780,Sausage,meat
2781,Savignac,tomato
2782,Savory,herb
2783,Savoy Cabbage,vegetable
2784,Saw Palmetto,fruit
2785,Scallion Microgreens,Microgreens
2786,Scallop,seafood
2787,Scampi Shrimp,seafood
2788,Scarlet Beer Bean,Legume
2789,Scarlet Runner Bean,Legume
2790,Schellenberg's Favorite,tomato
2791,Schimmeig Greg,tomato
2792,Schisandra,herb
2793,Schlueters Paste,tomato
2794,Schmaltz,meat
2795,Schnapps,spirit
2796,Scilla,herb
2797,Scone,pastry
2798,Scorpionfish,fish
2799,Scorzonera (black Oyster Plant),herb
2800,Scotch,spirit
2801,Scotch Ale (beer),beer
2802,Scotland Yellow,tomato
2803,Screw Pine Flower,herb
2804,Scrophularia,herb
2805,Sea Asparagus,seaweed
2806,Sea Bass,Fish
2807,Sea Beet,seaweed
2808,Sea Cucumber,seafood
2809,Sea Grape Seaweed,seaweed
2810,Sea Kale,seaweed
2811,Sea Lettuce Seaweed,seaweed
2812,Sea Salt,salt
2813,Sea Urchin,seafood
2814,Sea Vegetables,seaweed
2815,Sea-buckthorn,fruit
2816,Seafood,seafood
2817,Seasoning,spice blend
2818,Seaweed,seaweed
2819,Sebastopol Tomato,tomato
2820,Seitan,processed
2821,Semi-firm Cheese,cheese
2822,Semi-soft Cheese,cheese
2823,Semolina,flour
2824,Senegal Pepper,capsicum
2825,Senna,herb
2826,Senna Obtusifolia,herb
2827,Sequoia Bean,Legume
2828,Serrano Chile,capsicum
2829,Serrano Pepper,capsicum
2830,Serviceberry,berry
2831,Sesame Oil,Oil
2832,Sesame Seed,seed
2833,Sevilla Orange,Citrus
2834,Shah Mikato,tomato
2835,Shahe Fen,noodle
2836,Shakers Large Red,tomato
2837,Shallot,vegetable
2838,Shanghai Crab,seafood
2839,Shark,fish
2840,Sharp Cheese,cheese
2841,Sheboygan,tomato
2842,Sheep Cheese,cheese
2843,Sheep Milk,dairy
2844,Sheep's Sorrel,herb
2845,Sheepberry,herb
2846,Shell Beans,Legume
2847,Shellfish,seafood
2848,Shelling Peas,Legume
2849,Sherry,wine
2850,Sherry Vinegar,vinegar
2851,Shichimi,spice blend
2852,Shield Bean,Legume
2853,Shiitake Mushroom,fungi
2854,Shilling Giant,tomato
2855,Shimeji Mushroom,fungi
2856,Shipova,pear
2857,Shiso,Herb
2858,Short Neck  Clams,seafood
2859,Short Ribs,Beef
2860,Short-finned Squid,seafood
2861,Shrimp,seafood
2862,Shrimp Paste,processed
2863,Shungiku Microgreens,Microgreens
2864,Shuntukski Velikan,tomato
2865,Siberian Pink,tomato
2866,Siberian Tomato,tomato
2867,Sichuan Pepper,Spice
2868,Sicilian Sumac,herb
2869,Siletz,tomato
2870,Silver Buffaloberry,fruit
2871,Silvery Fir Tree Tomato,tomato
2872,Simple Syrup,syrup
2873,Simpson Lettuce,leafy Green
2874,Sinapis,vegetable
2875,Siniy,tomato
2876,Sister Miriam,tomato
2877,Siu Haau Sauce,sauce
2878,Sium Sisarum,vegetable
2879,Six Weeks Potato,vegetable
2880,Skate,fish
2881,Skinless Barley,grain
2882,Skipjack Tuna,fish
2883,Sloe Gin,spirit
2884,Sloke Seaweed,seaweed
2885,Smartweed,herb
2886,Smith Yellow Bean,Legume
2887,Smoked Paprika,spice
2888,Smoked Sea Salt,salt
2889,Smokey Mountain,tomato
2890,Smooth Grenadier,fish
2891,Smooth Skate,fish
2892,Snake,Meat
2893,Snake Gourd,squash
2894,Snap Pea,Legume
2895,Snapper,fish
2896,Snow Crab,fish
2897,Snow Pea,Legume
2898,Snow White,tomato
2899,Snow White Cherry,tomato
2900,Snowberry,tomato
2901,Soba,noodle
2902,Sockeye Salmon,fish
2903,Soda,beverage
2904,Soda Water,beverage
2905,Sodium Bicarbonate,chemical
2906,Soft Clams,seafood
2907,Soft Red Winter Wheat,wheat
2908,Soft Shell Crab,seafood
2909,Soft White Wheat,wheat
2910,Soft-ripened Cheese,cheese
2911,Sojourner South American,tomato
2912,Soju,spirit
2913,Sole,Fish
2914,Solton,tomato
2915,Somen,noodle
2916,Sonchus,herb
2917,Soppressata,Cured Meat
2918,Sorb Apple,fruit
2919,Sorghum,flour
2920,Sorrel,herb
2921,Sorrel Greens,leafy Green
2922,Sorrel Microgreens,Microgreens
2923,Soup,prepared
2924,Sour Cream,dairy
2925,Sour Orange,Citrus
2926,Sourdough Bread,bread
2927,Soursop,fruit
2928,South American Banana,tomato
2929,Southern Tuna,fish
2930,Soy Cheese,processed
2931,Soy Flour,Flour
2932,Soy Ice Cream,processed
2933,Soy Milk,unknown
2934,Soy Sauce,sauce
2935,Soybean,Legume
2936,Soybean Oil,Oil
2937,Spaghetti,Pasta
2938,Spaghettini,Pasta
2939,Spanish  Mackerel,fish
2940,Spanish Butifarra,Cured Meat
2941,Spanish Cecina,Cured Meat
2942,Spanish Chorizo,Cured Meat
2943,Spanish Lomo,Cured Meat
2944,Spanish Mackerel,fish
2945,Spanish Morcilla,Cured Meat
2946,Spanish Salchichon,Cured Meat
2947,Sparkling Wine,wine
2948,Spear's Tennessee Greem,tomato
2949,Spearmint,herb
2950,Speck,Cured Meat
2951,Spelt,grain
2952,Spelt Flour,Flour
2953,Spinach,vegetable
2954,Spiny Dogfish,fish
2955,Spiny Lobster,seafood
2956,Spirit,spirit
2957,Split Pea,Legume
2958,Spondias,fruit
2959,SpÔøΩtzle,noodle
2960,Spot Prawn,seafood
2961,Spring Onion,allium
2962,Sprite,tomato
2963,Sprouts,vegetable
2964,Sputnik,tomato
2965,Squab,Meat
2966,Squash,vegetable
2967,Squash Blossom,squash
2968,Squid,seafood
2969,Squirrel,meat
2970,Sri Lanka Cinnamon,spice
2971,Sriracha,sauce
2972,St Johns Wort,Herb
2973,St. Pierre,tomato
2974,St. Valery Carrot,root vegetable
2975,Stallion Bean,Legume
2976,Star Anise,spice
2977,Steel-cut Oats,grain
2978,Stella,tomato
2979,Stellaria,vegetable
2980,Stevia,herb
2981,Stewed Tomatoes,tomato
2982,Sticky Rice,Rice
2983,Stingray,fish
2984,Stock,prepared
2985,Stock Pigeon,meat
2986,Stout (beer),beer
2987,Strawberry,Berry
2988,Strawberry,tomato
2989,Strawberry Guava,fruit
2990,Strawberry Tree,tree
2991,Strawberry Wedge,tomato
2992,Stretched curd cheese,cheese
2993,Striped Bass,fish
2994,Striped Caravan,tomato
2995,Striped Cavern Tomato,tomato
2996,Striped Double Head Cornfield Bean,Legume
2997,Striped Marlin,fish
2998,Striped Roman Tomato,tomato
2999,Strozzapreti,pasta
3000,Stupice,tomato
3001,Stupick Polino,tomato
3002,Sturgeon,fish
3003,Sturgeon Caviar ,fish
3004,Sub Arctic Plenty,tomato
3005,Sucking Pig,meat
3006,Sucuk,Cured Meat
3007,Sudan Violaceum,tomato
3008,Sugar,sugar
3009,Sugar Baby,tomato
3010,Sugar Cane,sugar
3011,Sugar Daddy,tomato
3012,"Sugar Yellow, Sakharniy Zeltiy Tomato",tomato
3013,Sugar-apple,fruit
3014,Sugary,tomato
3015,Sugawara,tomato
3016,Sultana,dried fruit
3017,Suma Root,herb
3018,Sumac,spice
3019,Summer Cider,tomato
3020,Summer Crisp Lettuce,leafy Green
3021,Summer Pea,Legume
3022,Summer sausage,Cured Meat
3023,Summer Savory,herb
3024,Summer Squash,squash
3025,Sun Belle,tomato
3026,Sun Dried Tomato,tomato
3027,Sun Gold Cherry Tomato,tomato
3028,Sun Sugar Tomato,tomato
3029,Sunflower Oil ,Oil
3030,Sunflower Seed,seed
3031,Sunflower Shoots,Sprouts
3032,Sungella,tomato
3033,Sunrise Xii,tomato
3034,Sunshine Cherry,tomato
3035,Super Lakota,tomato
3036,Super Marzano Tomato,tomato
3037,Super Snow White,tomato
3038,Supreme  Squid,fish
3039,Surinam Cherry,fruit
3040,Sushi Rice,Rice
3041,Sutton,tomato
3042,Suyo Long Cucumber,vegetable
3043,Swan Gourd,squash
3044,Sweet 100 Tomato,tomato
3045,Sweet Almond,Nut
3046,Sweet Balm,herb
3047,Sweet Basil,herb
3048,Sweet Bay Leaves,herb
3049,Sweet Bullnose Pepper,capsicum
3050,Sweet Cherry,stone Fruit
3051,Sweet Chervil,herb
3052,Sweet Chilli Sauce,Sauce
3053,Sweet Cicely,herb
3054,Sweet Corn,vegetable
3055,Sweet Cumin,spice
3056,Sweet Gale,herb
3057,Sweet Gold,tomato
3058,Sweet Mace,spice
3059,Sweet Marjoram,herb
3060,Sweet Melon,fruit
3061,Sweet Olive Tomato,tomato
3062,Sweet Orange,Citrus
3063,Sweet Pea,Legume
3064,Sweet Pepper,capsicum
3065,Sweet Pickle,pickle
3066,Sweet Pickle Relish,sauce
3067,Sweet Pigweed,herb
3068,Sweet Potato,Potato
3069,Sweet Potato Greens,Vegetable
3070,Sweet Red Vermouth,spirit
3071,Sweet Scented Myrrh,herb
3072,Sweet Trefoil,vegetable
3073,Sweet Verbena Tree,herb
3074,Sweet Vermouth,spirit
3075,Sweetbread,meat
3076,Sweetie Supreme,tomato
3077,Swift,tomato
3078,Swiss Chard,vegetable
3079,Swordfish,fish
3080,Syrup,syrup
3081,T-Bone Steak,Meat
3082,Tabasco Pepper,capsicum
3083,Tabasco Sauce,Sauce
3084,Tabil,spice blend
3085,Table Salt,salt
3086,Table Sugar,sugar
3087,Taco,prepared
3088,Taco Seasoning,spice blend
3089,Tagliatelle,Pasta
3090,Tahini,sauce
3091,Tahitian Lime ,Citrus
3092,Tailed Pepper,capsicum
3093,Taisho  Shrimp,seafood
3094,Takaashi Crab,seafood
3095,Talalahin,tomato
3096,Tall Italian,tomato
3097,Tamales,prepared
3098,Tamari,sauce
3099,Tamarillo,fruit
3100,Tamarind ,fruit
3101,Tandoori Masala,spice blend
3102,Tangella,tomato
3103,Tangelo,Citrus
3104,Tangerine,tomato
3105,Tangerine ,Citrus
3106,Tansy,herb
3107,Tante Alice Cucumber,vegetable
3108,Tapenade,sauce
3109,Tapioca,grain
3110,Tapioca Flour,Flour
3111,Tappys Heritage,tomato
3112,Taquitos,prepared
3113,Taro,root vegetable
3114,Tarragon,herb
3115,Tartar From Mongolia,tomato
3116,Tartare Sauce,sauce
3117,Tartaric Acid,chemical
3118,Tarwi,Legume
3119,Tasmanian,tomato
3120,Tasty Evergreen,tomato
3121,Tatsoi,Leafy Green
3122,Tatsoi Microgreens,Microgreens
3123,Taxi Tomato,tomato
3124,Tayberry,berry
3125,Tea,tea
3126,Teepee,tomato
3127,Teff,grain
3128,Tefft Old German,tomato
3129,Tegucigalpa,tomato
3130,Tel-aviv Train,tomato
3131,Tempeh,fermented
3132,Tennessee Britches Tomato,tomato
3133,Tennessee Sweet,tomato
3134,Tepary Bean,Legume
3135,Tequila,spirit
3136,Teriyaki Sauce,sauce
3137,Terrine,Cured Meat
3138,Teton De Venus,tomato
3139,Texas Wild,tomato
3140,Texturized Vegetable Protein,unknown
3141,Thai Basil,Herb
3142,Thai Green Curry Paste,sauce
3143,Thai Green Eggplant,vegetable
3144,Thai Leaf Parsley,herb
3145,Thai Pink,tomato
3146,Thai Pink Egg,tomato
3147,Thatcher Wheat,wheat
3148,The Prince Bean,Legume
3149,Thessaloniki Tomato,tomato
3150,Thimbleberry,berry
3151,Thistle,herb
3152,Three Sisters,tomato
3153,Thyme,herb
3154,Ti Plant,herb
3155,Tidwell German,tomato
3156,Tiffen Mennonite,tomato
3157,Tiger Stripe,tomato
3158,Tiger Tom Tomato,tomato
3159,Tigerella,tomato
3160,Tilapia,Fish
3161,Tilefish,fish
3162,Tinda,squash
3163,Tiny,tomato
3164,Tiny Tim Tomato,tomato
3165,Tip Top Cherry,tomato
3166,Tiquskaratis,tomato
3167,Todd County Amish,tomato
3168,Toffee,confectionary
3169,Toffi Bean,Legume
3170,Tofu,processed
3171,Tom Thumb Lettuce,Leafy Green
3172,Toma Verde Tomatillo,vegetable
3173,Tomate Jaune Du Chardonne,tomato
3174,Tomatillo,vegetable
3175,Tomatito De Jalapa,tomato
3176,"Tomato  Oxheart, Julie's Red",tomato
3177,Tomato Juice,Juice
3178,Tomato Paste,processed
3179,Tomato PurÔøΩe,processed
3180,Tomitos Xalapa,tomato
3181,Tommy Toe,tomato
3182,Tonadose Des Conores,tomato
3183,Tondino Di Manduria,tomato
3184,Tondo Fario,tomato
3185,Tonic Water,beverage
3186,Tonka Bean,Legume
3187,Tonnelet,tomato
3188,Torchon,Cured Meat
3189,Tortellini,Pasta
3190,Tortiglioni,Pasta
3191,Tortilla,prepared
3192,Tortilla Chip,prepared
3193,Totem,tomato
3194,Toyon,berry
3195,Tra shark,fish
3196,Tradiro Tomato,tomato
3197,Transparent Beefsteak,tomato
3198,Transparent Tomato,tomato
3199,Trenette,Pasta
3200,Tripe,meat
3201,Triple Sec,Spirit
3202,Triticale,wheat
3203,Trout,fish
3204,Truffaut Precoce,tomato
3205,Truffle,fungi
3206,Truffle Oil,Oil
3207,Tulsi,herb
3208,Tumbler,tomato
3209,Tuna,Fish
3210,Turkey,meat
3211,Turkey Breast,Meat
3212,Turkey Leg,Meat
3213,Turkey Mince (Ground Turkey),Meat
3214,Turkish Orange Eggplant,vegetable
3215,Turkish Turban Squash,squash
3216,Turks Nuts,tomato
3217,Turmeric,Spice
3218,Turnip,vegetable
3219,Turnip Greens,vegetable
3220,Turtle,meat
3221,Turtle Bean,Legume
3222,Twinleaf Onion,vegetable
3223,Ube,vegetable
3224,Udon,noodle
3225,Udumalapet Eggplant,Vegetable
3226,Udumbara,fruit
3227,Ugli Fruit,fruit
3228,Ugni,berry
3229,Ukrainian Pointed,tomato
3230,Ulluco,vegetable
3231,Ultra-sweet,tomato
3232,Umbrella Tree,herb
3233,Umeboshi,pickle
3234,Uncle Blaine's Pink Beef,tomato
3235,Uncle Stevia,tomato
3236,Unsalted Butter,dairy
3237,Unsweetened Cocoa Powder,confectionary
3238,Urad Dal,Legume
3239,Urban Giant Everbearing,tomato
3240,Urchin,seafood
3241,Us Atlantic Clams,seafood
3242,Valena,tomato
3243,Valencia Orange,Citrus
3244,Valley Girl,tomato
3245,Vanderpool Six Weeks Bean,Legume
3246,Vanilla,herb
3247,Vanilla Extract,flavouring
3248,Variegated Tomato,tomato
3249,Variety Unknown,tomato
3250,Vasaka,herb
3251,Veal,Meat
3252,Veal Arm Roast,Meat
3253,Veal Arm Steak,Meat
3254,Veal Blade Roast,Meat
3255,Veal Blade Steak,Meat
3256,Veal Breast Roast,Meat
3257,Veal Butterfly Chop,Meat
3258,Veal Crosscut Shank (Osso Bucco),Meat
3259,Veal Crown Roast,Meat
3260,Veal Kidney Chop,Meat
3261,Veal Leg Cutlet,Meat
3262,Veal Loin,Meat
3263,Veal Loin Chop,Meat
3264,Veal Loin Roast,Meat
3265,Veal Mince (Ground Veal),Meat
3266,Veal Rib,Meat
3267,Veal Rib Chop,Meat
3268,Veal Rib Roast,Meat
3269,Veal Riblet,Meat
3270,Veal Round,Meat
3271,Veal Round Roast,Meat
3272,Veal Round Steak,Meat
3273,Veal Shank,Meat
3274,Veal Short Ribs,Meat
3275,Veal Shoulder,Meat
3276,Veal Shoulder Eye Roast,Meat
3277,Veal Sirloin,Meat
3278,Veal Sirloin Roast,Meat
3279,Veal Sirloin Steak,Meat
3280,Vegetable,Vegetable
3281,Vegetable Amaranth/Calaloo,Vegetable
3282,Vegetable Juice,juice
3283,Vegetable Oil,Oil
3284,Vegetable Stock,prepared
3285,Velue Striee,tomato
3286,Velvet Bean,Legume
3287,Venison,Meat
3288,Vera Cruz,tomato
3289,Veracruzano Currant,tomato
3290,Verde Rallado,tomato
3291,Vermicelli,Pasta
3292,Vermouth,spirit
3293,Vernonia,herb
3294,Vesta Pea,Legume
3295,Vetiver,herb
3296,Vezha,tomato
3297,Vietnamese Cinnamon,spice
3298,Vietnamese Coriander,herb
3299,Vietnamese Coriander,herb
3300,Vinegar,vinegar
3301,Vintage Wine,tomato
3302,Viola (Pansy),Flower
3303,Virginia Sweet,tomato
3304,Vitaceae,fruit
3305,Vitamin,tomato
3306,Vodka,spirit
3307,Voyage Tomato,tomato
3308,Wagner's Italian,tomato
3309,Wahoo,fish
3310,Wakame Seaweed,seaweed
3311,Walleye Pollock,fish
3312,Walnut,Nut
3313,Walnut Oil,Oil
3314,Walthrup Green,tomato
3315,Waltingers Fleisch,tomato
3316,Waltlingers Fleisch Aus Indien,tomato
3317,Wanda Potato Top,tomato
3318,Wapsipinicon Peach Tomato,tomato
3319,Warmwater Shrimp,seafood
3320,Wasabi (Japanese Horseradish),vegetable
3321,Water,beverage
3322,Water Buffalo Milk,dairy
3323,Water Chestnut,vegetable
3324,Water Pepper,vegetable
3325,Water Spinach,vegetable
3326,Watercress,vegetable
3327,Watermelon,Fruit
3328,Watermelon Beefsteak,tomato
3329,Watermelon Radish,vegetable
3330,Wattleseed,spice
3331,"Wayahead, Jung's Improved Tomato ",tomato
3332,"Wayahead, Jung's Super Select Tomato ",tomato
3333,Wehani Rice,Rice
3334,Wheat,wheat
3335,Wheat Berry,grain
3336,Wheat Germ,grain
3337,Wheat Germ Oil,Oil
3338,Wheat Noodles,noodle
3339,Wheatgrass,vegetable
3340,Whey Cheese,cheese
3341,Whiskey,spirit
3342,White Beauty,tomato
3343,White Beefsteak,tomato
3344,"White Brandywine, Shah Mikado Tomato",tomato
3345,White Chocolate,confectionary
3346,White Crab Mushroom,fungi
3347,White Currant,tomato
3348,White Grape,fruit
3349,White Heirloom,tomato
3350,White Hutterite Breadseed Poppy,unknown
3351,White Mulberry,berry
3352,White Mustard Seed,spice
3353,White Onion,vegetable
3354,White Pastry Flour,Flour
3355,White Peach,tomato
3356,White Pepper,spice
3357,White Pepper,spice
3358,White Potato Leaf,tomato
3359,White Princess,tomato
3360,White pudding,Cured Meat
3361,White Queen Tomato,tomato
3362,White Rabbit,tomato
3363,White Rice,Rice
3364,White Rice Flour,Flour
3365,White Rum,spirit
3366,White Sapote,fruit
3367,White Seabass,fish
3368,White Shrimp,seafood
3369,White Sturgeon,fish
3370,White Table Wine,wine
3371,White Tea,tea
3372,White Tomesol,tomato
3373,White Turmeric,rhizome
3374,White Vinegar ,vinegar
3375,White Wax,tomato
3376,White Wine,wine
3377,White Wine Vinegar,vinegar
3378,White Wonder,tomato
3379,White Zea Sonnabend,tomato
3380,White Zebra Tomato,tomato
3381,"White, Potato Leaf Tomato ",tomato
3382,"White, Zea Sonnabend Tomato ",tomato
3383,Whole Wheat Flour,Flour
3384,Whole Wheat Flour,Flour
3385,Whole Wheat Pastry Flour,Flour
3386,Wholegrain Mustard,Condiment
3387,Wickline,tomato
3388,Wild Boar,Meat
3389,Wild Cherry,tomato
3390,Wild Cumin,spice
3391,Wild Garlic,allium
3392,Wild Ginger,rhizome
3393,Wild Greens,leafy Green
3394,Wild Leek,vegetable
3395,Wild Lime,Citrus
3396,Wild Marjoram,herb
3397,Wild Mushroom,fungi
3398,Wild Mustard,vegetable
3399,Wild Rice,seed
3400,Wild Rocket,vegetable
3401,Wild Rose,tomato
3402,Wild Sorin Of Guatemala,tomato
3403,Wild Strawberry,berry
3404,Wild Thyme,herb
3405,Wildflower Honey ,honey
3406,Willow Pond Big Red Beefsteak,tomato
3407,Window Box Roma,tomato
3408,Wine,wine
3409,Wine Vinegar,vinegar
3410,Winged Bean,Legume
3411,Winter Melon (Ash Or White Gourd),squash
3412,Winter Purslane,herb
3413,Winter Savory,herb
3414,Winter Squash,squash
3415,Winter Tarragon,herb
3416,Wolfberry,spice
3417,Wonder Light,tomato
3418,Wonton Wrapper,Processed
3419,Wood Avens,herb
3420,Woodruff,herb
3421,Woods Famous Brimmer,tomato
3422,Worcestershire Sauce,Sauce
3423,World's Best Low Acid,tomato
3424,Wurstel,Cured Meat
3425,Xanthan Gum,chemical
3426,Xanthi,tomato
3427,Yacon,rhizome
3428,Yak,meat
3429,Yam,vegetable
3430,Yardlong Bean,Legume
3431,Yarrow,herb
3432,Yeast,fungi
3433,Yellow Beefsteak,tomato
3434,Yellow Bell Pepper,Capsicum
3435,Yellow Brandywine Tomato,tomato
3436,Yellow Canary,tomato
3437,Yellow Chartreuse,spirit
3438,Yellow Cherry Tomato,tomato
3439,Yellow Foliage Mortgage Lifter Tomato,tomato
3440,Yellow Fruit Polish,tomato
3441,Yellow Onion,vegetable
3442,Yellow Oxheart,tomato
3443,Yellow Pear,tomato
3444,Yellow Perfection,tomato
3445,Yellow Ping Pong,tomato
3446,Yellow Plum,tomato
3447,Yellow Ponderosa,tomato
3448,Yellow Red Cap,tomato
3449,Yellow Roma Tomato,tomato
3450,Yellow Sphere,tomato
3451,Yellow Stuffer,tomato
3452,Yellow Tea,tea
3453,Yellow Teardrop Tomato,tomato
3454,Yellow Tennessee Cherry,tomato
3455,Yellow Wax Pepper,capsicum
3456,Yellowfin Sole,fish
3457,Yellowfin Tuna,fish
3458,Yellowtail,fish
3459,Yellowtail Amberjack,fish
3460,Yemenite Citron,Citrus
3461,Yerba Buena,herb
3462,Yerba Mate Tea,tea
3463,Ylang-ylang,herb
3464,Yoder's German Yellow,tomato
3465,Yogurt,dairy
3466,Yucca,vegetable
3467,Yugoslavian,tomato
3468,Yugoslavian Red Butterhead Lettuce,Leafy Green
3469,Yukon Gold Potato,Potato
3470,Yuzu,fruit
3471,Zampone,Cured Meat
3472,Zapotec,tomato
3473,Zeda's Pink,tomato
3474,Zedoary,herb
3475,Zhong Shu 6,tomato
3476,Zhug,sauce
3477,Zieglers Fleisch,tomato
3478,Ziti,pasta
3479,Zogolla,tomato
3480,Zorba Tomato,tomato
3481,Zucchini,squash
3482,Zucchini Blossoms,squash
3483,"Zucchini, Ronde De Nice Squash ",squash